Date,SNo,Name,Symbol,High,Low,Open,Close,Volume,Marketcap,Daily_Returns_%,MA_20,BB_upper,BB_lower,RSI_14,MACD,MACD_Signal,MACD_Hist,Stoch_%K,Stoch_%D
2020-10-08 23:59:59,21,Uniswap,UNI,3.41710007,2.58260796,2.79732568,3.27030556,717724262.1603651,316782350.84644824,16.793977588051277,4.198931506766,5.785739041817947,2.6121239717140528,25.248297311980878,-0.6053573363421707,-0.4882973482161575,-0.1170599881260132,26.336836980080868,13.789420646415243
2020-10-09 23:59:59,22,Uniswap,UNI,3.55527319,2.99539995,3.28565959,3.09736689,672751180.9683499,300030423.7594074,-5.288150199640674,4.067576642228,5.554460624173952,2.5806926602820486,24.926916334649178,-0.6078878769811586,-0.5122154539691578,-0.09567242301200085,21.2943843917686,19.543266960005315
2020-10-10 23:59:59,23,Uniswap,UNI,3.63220356,3.05492812,3.08181189,3.33152713,562610976.5370011,322712656.47065043,7.55997750076034,3.9719432242590003,5.384357048009301,2.5595294005086995,30.83807372385897,-0.5842635477726037,-0.526625072729847,-0.057638475042756654,29.1530218517554,25.594747741201626
2020-10-11 23:59:59,24,Uniswap,UNI,3.44217517,3.25074287,3.33123934,3.38724035,411091368.0944885,328109389.42903274,1.6723027556434733,3.9280013137675,5.356477120596649,2.4995255069383506,32.03039941803222,-0.5546518244579506,-0.5322304230754678,-0.02242140138248283,37.35749031614477,29.268298853222927
2020-10-12 23:59:59,25,Uniswap,UNI,3.42904253,3.20308461,3.37902053,3.26026136,558369285.3870684,315809405.88573736,-3.7487446085719855,3.8957574885,5.35518351078866,2.436331466211341,36.40460407468359,-0.5352603159412515,-0.5328364016486246,-0.002423914292626894,39.01838117786192,35.176297781920695
2020-10-13 23:59:59,26,Uniswap,UNI,3.62266013,3.23538533,3.26167314,3.49726586,383311535.2451846,338767151.10857934,7.269493878858846,3.8379575365000003,5.262206324976616,2.4137087480233843,36.546017797067464,-0.4950613640727122,-0.5252813941334421,0.03022003006072993,50.61558062578895,42.33048403993188
2020-10-14 23:59:59,27,Uniswap,UNI,3.58245159,2.6488059,3.50017875,3.08202347,516845492.97146094,298544164.02639323,-11.873343538143244,3.735195407,5.057659970089787,2.412730843910212,36.43013475745468,-0.4910494828757348,-0.5184350118819007,0.027385529006165865,30.296773109206363,39.976911637619075
2020-10-15 23:59:59,28,Uniswap,UNI,3.07741004,2.86653965,3.0773485,2.90694874,439092200.2233341,541141642.9031625,-5.680512549763305,3.629895269,4.855834565164018,2.4039559728359823,29.858854216329476,-0.4962763409364994,-0.5140032776928204,0.017726936756320977,24.275300181957764,35.06255130565103
2020-10-16 23:59:59,29,Uniswap,UNI,3.16335461,2.80555941,2.90838269,3.03497654,578856190.3794163,566018740.9886383,4.404198747584398,3.5413500535000004,4.660850421715271,2.42184968528473,37.53718484143751,-0.4845028429392464,-0.5081031907421056,0.023600347802859245,34.428212226756415,29.666761839306847
2020-10-17 23:59:59,30,Uniswap,UNI,3.08567533,2.96052754,3.03737341,3.0006826,274343380.146428,560759317.8628457,-1.129957334035936,3.4523392369999995,4.4311103755119525,2.473568098488047,36.99650697905295,-0.4724928913694413,-0.5009811308675728,0.028488239498131507,39.74334515124674,32.81561918665364
2020-10-18 23:59:59,31,Uniswap,UNI,3.27679891,2.98276067,2.99508022,3.26685888,270238696.62769705,658804132.0498519,8.870524326698192,3.406283225,4.324093006125942,2.488473443874058,43.68756233643784,-0.4364654153376062,-0.4880779877615795,0.051612572423973324,64.14789496740924,46.10648411513747
2020-10-19 23:59:59,32,Uniswap,UNI,3.28186631,3.12873845,3.27467548,3.17766422,353126948.0164669,642198931.2594732,-2.7302881231282328,3.3442974415,4.132951953200386,2.555642929799614,46.006515425645226,-0.4103800390125203,-0.4725383980117677,0.06215835899924743,61.128414667287934,55.00655159531464
2020-10-20 23:59:59,33,Uniswap,UNI,3.18129683,2.82147395,3.17358289,2.86980023,542347476.0741956,595506496.7879803,-9.688373871044186,3.2871367145,4.036452679544086,2.5378207494559146,50.64721086381598,-0.4098250335269116,-0.4599957251147965,0.05017069158788495,34.80030551362434,53.35887171610717
2020-10-21 23:59:59,34,Uniswap,UNI,3.06571378,2.85083113,2.86189747,2.94137384,641102099.6216476,610958556.284688,2.49402760693207,3.2212121639999998,3.8287844661473356,2.613639861852664,52.537458757275566,-0.39901025369030174,-0.44779863082989757,0.04878837713959583,34.18134374801112,43.37002130964114
2020-10-22 23:59:59,35,Uniswap,UNI,3.13980626,2.93028557,2.94084829,3.03945049,490414766.6593528,631330250.4628034,3.3343823442721687,3.183889774,3.7344382384149855,2.6333413095850142,45.21508129973505,-0.3781662318389376,-0.43387215103170557,0.05570591919276796,39.723969853660215,36.23520637176523
2020-10-23 23:59:59,36,Uniswap,UNI,3.12028148,2.9744434,3.04407276,3.01219005,340365373.12678003,629314884.2756435,-0.89688712119802,3.1449185710000003,3.619430838895487,2.6704063031045138,48.12107820635275,-0.3597004807948321,-0.4190378169843309,0.059337336189498824,36.95190305821959,36.95240555329698
2020-10-24 23:59:59,37,Uniswap,UNI,3.08329223,2.93770967,3.01219006,2.943257,228726426.04521856,616104225.8426412,-2.2884694808682493,3.108635166,3.521398339091185,2.695871992908815,40.76169465396935,-0.3466327940133267,-0.4045568123901301,0.05792401837680339,30.235644199029657,35.637172370303155
2020-10-25 23:59:59,38,Uniswap,UNI,2.96679659,2.7299389,2.943257,2.77574688,280177012.5004011,582448679.857583,-5.691318155363268,3.0764622459999997,3.4876051218334783,2.665319370166521,36.1853788781066,-0.34580697725843423,-0.39280684536379096,0.046999868105356724,13.034905644964923,26.74081763407139
2020-10-26 23:59:59,39,Uniswap,UNI,2.86815301,2.5507011,2.77574703,2.72590258,402513710.1500299,572875510.6687803,-1.7957076835478536,3.0710453095,3.498169583101804,2.643921035898196,37.49204932486359,-0.3451953330515143,-0.3832845429013356,0.03808920984982134,16.34404628318679,19.871532042393792
2020-10-27 23:59:59,40,Uniswap,UNI,2.90054865,2.71078781,2.72590256,2.82239855,374717068.8986912,595071764.8665643,3.539963999740592,3.072162061,3.496410269708894,2.6479138522911065,33.09084597285546,-0.33308459046145966,-0.37324455241336046,0.0401599619519008,26.33363905647382,18.570863661541846
2020-10-28 23:59:59,41,Uniswap,UNI,2.85034013,2.59936174,2.82239888,2.67611603,382606651.5706099,564790634.9580132,-5.182915077673911,3.0424525845000003,3.4908120807485394,2.5940930882514612,38.24552458072043,-0.3314695419882092,-0.36488955032833026,0.033420008340121043,17.152748555965932,19.943477965208846
2020-10-29 23:59:59,42,Uniswap,UNI,2.73456913,2.49409014,2.67611619,2.54161629,452924613.8820874,537048830.213098,-5.02593080764141,3.0146650545,3.5146130741942763,2.5147170348057237,39.16591683459685,-0.33715608393095353,-0.35934285704885494,0.022186773117901404,6.032950958646025,16.506446190361928
2020-10-30 23:59:59,43,Uniswap,UNI,2.55472877,2.26524486,2.54161714,2.41416755,407724693.280509,511147587.4136733,-5.014476044296979,2.9687970755000004,3.5127342534615655,2.4248598975384352,31.58333047604188,-0.34793596831423246,-0.35706147930193044,0.009125510987697982,14.648784953337358,12.611494822649773
2020-10-31 23:59:59,44,Uniswap,UNI,2.41416755,2.25159656,2.41416755,2.26642787,195366722.87350932,480662058.457911,-6.119694550612298,2.9127564515000004,3.5040597489613203,2.3214531540386805,29.591560619206263,-0.3642021659556711,-0.35848961663267864,-0.005712549322992477,1.4395559997757803,7.373763970586388
2020-11-01 23:59:59,45,Uniswap,UNI,2.43362193,2.22745794,2.26642788,2.37930546,189355187.03208768,507214061.622942,4.98041837087011,2.8687086565,3.481861712786583,2.255555600213417,23.03254593187974,-0.3637914057493261,-0.3595499744560081,-0.004241431293317999,14.401205862961806,10.163182272024981
2020-11-02 23:59:59,46,Uniswap,UNI,2.44083514,2.24325691,2.37930535,2.25425989,267321819.1266569,481565079.28856176,-5.25554923914644,2.806558358,3.4032164406514767,2.2099002753485237,22.541459807501965,-0.3692989592543334,-0.36149977141567324,-0.007799187838660182,2.8099032531584336,6.21688837196534
2020-11-03 23:59:59,47,Uniswap,UNI,2.28102325,2.06594231,2.25425961,2.13431874,249641515.28974253,456747205.28593296,-5.320644284719112,2.7591731215,3.4116375967393955,2.1067086462606044,25.377732003124706,-0.37897341388926176,-0.36499449991039096,-0.0139789139788708,6.367327071553136,7.859478729224459
2020-11-04 23:59:59,48,Uniswap,UNI,2.16038741,1.8889727,2.13432465,1.93011859,339588343.30015147,413703375.8057868,-9.567462730519804,2.7103316140000002,3.4558312218314367,1.964832006168564,18.906566921726508,-0.3985238001258664,-0.37170035995348605,-0.026823440172380364,3.289477618429099,4.155569314380223
2020-11-05 23:59:59,49,Uniswap,UNI,2.40161741,1.76381655,1.93012344,2.20612935,513013237.58820254,473798080.6251046,14.30019696354512,2.6688892545000003,3.430381158855012,1.9073973501449886,26.904665465152178,-0.38728152016735606,-0.37481659199626005,-0.012464928171096012,32.60775787251646,14.088187520832898
2020-11-06 23:59:59,50,Uniswap,UNI,2.6778813,2.18203083,2.20611582,2.5507954,584436650.2169098,548667148.8368093,15.623111582283244,2.6463948944999998,3.393053631683326,1.8997361573166731,39.12572112636078,-0.3465652738161884,-0.3691663283602457,0.02260105454405731,59.643300890547685,31.846845460497747
2020-11-07 23:59:59,51,Uniswap,UNI,2.99585781,2.44812623,2.5507954,2.46649654,771051234.7782099,533591764.2474856,-3.304806806535721,2.6063767775000004,3.296682643878346,1.916070911121655,38.84437463696753,-0.3174403143807587,-0.3588211255643483,0.041380811183589605,57.03380339713623,49.76162072006679
2020-11-08 23:59:59,52,Uniswap,UNI,2.88537031,2.44255685,2.46649654,2.84861707,478996896.8201713,617187405.5768973,15.492441355705289,2.58992442,3.237247297948513,1.9426015420514873,51.54945927669525,-0.2605215111264396,-0.3391612026767666,0.07863969155032696,88.04904147447141,68.24204858738511
2020-11-09 23:59:59,53,Uniswap,UNI,2.85200563,2.58628614,2.84861689,2.67686302,486394677.98332816,580875958.2696799,-6.029383584365034,2.5802775595,3.2156795337685087,1.944875585231491,49.008653481564195,-0.22665927882033188,-0.3166608179054797,0.0900015390851478,74.10843286206178,73.06375924455646
2020-11-10 23:59:59,54,Uniswap,UNI,3.10329501,2.64013281,2.6768644,3.00754392,514331153.50193655,654437541.490111,12.35329927341593,2.5835860635,3.227536294062177,1.9396358329378227,53.41903669512742,-0.17116692497571329,-0.2875620393195264,0.11639511434381311,92.85161405283066,85.00302946312128
2020-11-11 23:59:59,55,Uniswap,UNI,3.14989615,2.87706502,3.00754399,2.91237512,525551142.7375388,634810552.6298693,-3.164336167034254,2.577232295,3.2045362980560332,1.9499282919439667,54.44689080219489,-0.13333120244815522,-0.2567158719452522,0.12338466949709698,82.8638247038626,83.27462387291834
2020-11-12 23:59:59,56,Uniswap,UNI,3.08158068,2.82726603,2.9123745,2.93014159,538966370.025485,639623667.6424993,0.6100337102179276,2.573129872,3.18943364323135,1.9568261007686496,57.648981129528764,-0.10075111793285352,-0.22552292114277248,0.12477180320991896,84.1456031818086,86.62034731283394
2020-11-13 23:59:59,57,Uniswap,UNI,3.96135021,2.90612094,2.93014204,3.8796593,765960346.8892331,848630742.4362862,32.40518182604275,2.619949987,3.4572862018771344,1.7826137721228656,71.7963124429606,0.0016677527037258777,-0.1800847863734728,0.18175253907719868,96.28260938674315,87.76401242413812
2020-11-14 23:59:59,58,Uniswap,UNI,3.95374568,3.5347313,3.87965931,3.80910701,774643439.7326491,834021635.9941027,-1.8185176724152097,2.6716179935,3.6628221304339066,1.6804138565660935,73.48350981383163,0.07626334898362463,-0.1288151593020533,0.20507850828567795,93.07208791514029,91.16676682789735
2020-11-15 23:59:59,59,Uniswap,UNI,4.23602319,3.63484903,3.809107,3.86200742,742520517.9509934,847333503.5986902,1.3887877095897003,2.7284232355,3.853856509270706,1.6029899617292944,72.990309846076,0.13805806995524206,-0.07544051345059424,0.2134985834058363,84.8711768689368,91.40862472360675
2020-11-16 23:59:59,60,Uniswap,UNI,3.93290678,3.45923842,3.86200742,3.6040116,739416980.0883697,795818601.8057162,-6.680355368141666,2.767503888,3.9590202091055744,1.575987566894425,70.10010397537187,0.16431856291072267,-0.027488698178330863,0.19180726108905352,74.43532511505592,84.12619663304433
2020-11-17 23:59:59,61,Uniswap,UNI,3.84843573,3.48538747,3.7592612,3.80348089,753340390.0306114,845413000.0836904,5.53464617039523,2.823872131,4.1007908699670335,1.546953392032966,74.28153290611162,0.19893252710193154,0.017795546877721617,0.18113698022420993,82.50379668909876,80.6034328910305
2020-11-18 23:59:59,62,Uniswap,UNI,3.84740553,3.28832495,3.80345424,3.46366504,855595851.8627282,772306793.537774,-8.93433830293282,2.8699745685,4.170349807858868,1.5695993291411328,71.46190295651648,0.1966768753759336,0.053571812577364014,0.14310506279856958,68.7583498279092,75.23249054402129
2020-11-19 23:59:59,63,Uniswap,UNI,3.88487541,3.24750812,3.46368006,3.7330601,690972294.1208539,833239658.3074241,7.777745737214814,2.935919196,4.272239169781276,1.599599222218724,71.40896014000542,0.21415849917606744,0.0856891498971047,0.12846934927896275,75.51290356308823,75.59168336003206
2020-11-20 23:59:59,64,Uniswap,UNI,4.083962,3.68421478,3.73306035,3.84091406,1046467101.110601,857827146.1419846,2.889156807306681,3.0146435054999996,4.370268381706684,1.6590186292933147,69.37528211720817,0.23401811008299767,0.1153549419342833,0.11866316814871436,77.96952631962971,74.08025990354238
2020-11-21 23:59:59,65,Uniswap,UNI,3.92577012,3.60059507,3.84091408,3.81223005,972140640.0954676,851948496.5303949,-0.7468016610608474,3.0862897350000003,4.451958304146202,1.7206211658537987,70.55386451523758,0.24462257811454657,0.14120846917033597,0.1034141089442106,76.3701648284071,76.61753157037502
2020-11-22 23:59:59,66,Uniswap,UNI,3.920586,3.44760963,3.81223004,3.65905312,1008603252.535265,819231644.5148652,-4.018040044566574,3.1565293965,4.486040788731941,1.8270180042680582,63.30882602770021,0.23792395804679112,0.160551566945627,0.07737239110116412,65.02654347248853,73.12207820684178
2020-11-23 23:59:59,67,Uniswap,UNI,4.20403492,3.63718074,3.6590533,4.18887791,1351039953.9592154,938456080.8413752,14.47983324166664,3.259257355,4.573620977904207,1.9448937320957929,72.21720160532749,0.27222959271681946,0.1828871720998655,0.08934242061695397,97.04583218303505,79.48084682797689
2020-11-24 23:59:59,68,Uniswap,UNI,4.47937112,3.95724615,4.18934869,4.06707338,1346899109.0997114,911812852.1763512,-2.9078080721622213,3.3661050945,4.568164626930795,2.164045562069205,66.58663172751358,0.2862882944928611,0.20356739657846462,0.08272089791439646,75.04409722507424,79.03882429353261
2020-11-25 23:59:59,69,Uniswap,UNI,4.2001122,3.57910843,4.06528421,3.68375432,933020040.3073512,891341395.8819656,-9.42493592284288,3.439986343,4.516988746622966,2.3629839393770347,61.07642624866409,0.26346224358243386,0.21554636597925847,0.047915877603175394,51.84224025361486,74.64405655390804
2020-11-26 23:59:59,70,Uniswap,UNI,3.76552699,3.11653759,3.68201694,3.43149857,1516484179.141803,833454266.6049309,-6.847789729907927,3.4840215015000005,4.476659342723887,2.4913836602761137,56.74489640228212,0.22245320091947907,0.2169277329673026,0.005525467952176455,33.394410925794396,53.42691613482783
2020-11-27 23:59:59,71,Uniswap,UNI,3.5188661,3.17294199,3.43383644,3.31672524,665287433.3981802,805742238.6120679,-3.344699922168415,3.5265329364999998,4.401543131678114,2.651522741321885,40.233015090582924,0.17863282264030378,0.20926875090190286,-0.030635928261599082,14.689075781691384,33.30857565370021
2020-11-28 23:59:59,72,Uniswap,UNI,3.53101638,3.26637116,3.3169469,3.46967137,508403729.8190797,843069227.6235335,4.61135966752555,3.5575856514999997,4.373374761429348,2.7417965415706513,44.274442826163224,0.1544657466365016,0.19830815004882263,-0.04384240341232104,25.911732594369024,24.66507310061827
2020-11-29 23:59:59,73,Uniswap,UNI,3.56922307,3.37474809,3.4702646,3.55205527,483895367.8046792,867998169.6988827,2.374400662619536,3.601345264,4.304307649635475,2.898382878364525,44.82325692921085,0.14034306946387565,0.18671513393183323,-0.04637206446795758,31.956777582365465,24.18586198614196
2020-11-30 23:59:59,74,Uniswap,UNI,3.80433301,3.5373901,3.55194377,3.76907441,824763849.8837101,921271091.8213736,6.109678017481968,3.6394217885000004,4.287297368678253,2.9915462083217474,52.79509593340514,0.14499101083046373,0.17837030931155934,-0.03337929848109561,47.880889751809974,35.249799976181485
2020-12-01 23:59:59,75,Uniswap,UNI,3.97591071,3.47676087,3.77261173,3.55541263,1042619600.66442,872773158.2148857,-5.6688129964512886,3.6715736640000003,4.224377800567716,3.118769527432285,45.81942311766601,0.12993599656405408,0.1686834467620583,-0.03874745019800421,32.203129020460786,37.346932118212074
2020-12-02 23:59:59,76,Uniswap,UNI,4.16847302,3.51347614,3.55505791,3.93694029,729926103.8056227,968265196.0554484,10.73089679607735,3.7219135989999996,4.162386958825992,3.2814402391740076,57.86530537994447,0.14709526029761788,0.16436580946917023,-0.017270549171552352,60.19830609832442,46.760774956865056
2020-12-03 23:59:59,77,Uniswap,UNI,4.0197147,3.80858813,3.94006984,3.89198201,587622998.9209594,957378950.1253784,-1.1419599152721729,3.7225297344999992,4.163965591241177,3.281093877758821,52.85400696091332,0.15527641313391305,0.1625479302021188,-0.007271517068205752,56.899423365376116,49.766952828053775
2020-12-04 23:59:59,78,Uniswap,UNI,3.91618491,3.50719947,3.89226813,3.52813216,595341444.3401191,868063348.8634834,-9.348703284473814,3.7084809919999997,4.156155479758505,3.2608065042414944,44.85587413929667,0.13089155722919976,0.156216655607535,-0.025325098378335242,30.201382702992362,49.0997040555643
2020-12-05 23:59:59,79,Uniswap,UNI,3.69654678,3.45703087,3.5281354,3.68167397,420480160.7165052,906044647.7016336,4.351929095535922,3.6994643195,4.14134579155149,3.2575828474485093,47.937530667435425,0.12254332098215359,0.1494819886824587,-0.02693866770030512,41.467748449071394,42.85618483914663
2020-12-06 23:59:59,80,Uniswap,UNI,3.7772646,3.51212876,3.68186976,3.6531076,423227915.4288991,904844016.4904616,-0.775907107277074,3.7019191195,4.142110123688055,3.2617281153119446,49.90222574856277,0.11232737621900224,0.14205106618976743,-0.029723689970765188,39.37164724733474,37.013592799799504
2020-12-07 23:59:59,81,Uniswap,UNI,3.87173173,3.57089075,3.65302741,3.7645407,411938301.78209966,932617585.9439664,3.050364571796349,3.6999721099999996,4.138613414843606,3.2613308051563936,41.90826420775338,0.11193259697472113,0.13602737234675819,-0.024094775372037053,47.54822182867779,42.795872508361306
2020-12-08 23:59:59,82,Uniswap,UNI,3.76422563,3.28255637,3.76422563,3.28498568,546521147.0922648,813930076.8511748,-12.738739150834522,3.691038142,4.156408580312815,3.2256677036871855,36.87680356178515,0.072092610535758,0.12324041998455815,-0.05114780944880015,15.545592195077365,34.155153757029964
2020-12-09 23:59:59,83,Uniswap,UNI,3.39082298,3.13234338,3.28540642,3.35541723,516081302.9396126,844381631.4283338,2.1440443539467724,3.6721559985,4.160429144191804,3.1838828528081957,43.8442266645499,0.04567584896066368,0.10772750577977926,-0.06205165681911558,22.708583928958443,28.600799317571198
2020-12-10 23:59:59,84,Uniswap,UNI,3.36777105,3.19163124,3.35583216,3.24360991,365002773.88767374,816330299.5193958,-3.332143585613045,3.6422907909999997,4.159323725324092,3.1252578566759075,46.28157552476568,0.015539331043303406,0.0892898708324841,-0.0737505397891807,10.73866876349565,16.33094829584382
2020-12-11 23:59:59,85,Uniswap,UNI,3.24386486,2.92648179,3.24386486,2.97210942,506458332.3246698,748056657.7925676,-8.370318797059051,3.6002847595,4.190513635128742,3.0100558838712583,43.57822599015259,-0.029907146083326897,0.06545046744932191,-0.09535761353264881,3.6737481632619735,12.373666951905356
2020-12-12 23:59:59,86,Uniswap,UNI,3.17407792,2.96592549,2.97014964,3.12253386,299773732.062206,785986751.615319,5.061201279729466,3.5734587965,4.200088486975879,2.946829106024121,43.52515018582863,-0.05317286775138985,0.04172580040917956,-0.09489866816056941,15.785302284300338,10.065906403685988
2020-12-13 23:59:59,87,Uniswap,UNI,3.36219136,3.07402739,3.12293658,3.33782159,363657249.13062185,840323057.8884748,6.894648373804979,3.5309059804999996,4.093929214108367,2.9678827468916325,46.19284226549144,-0.05362108868504212,0.022656422590335224,-0.07627751127537734,33.11938040013373,17.52614361589868
2020-12-14 23:59:59,88,Uniswap,UNI,3.52055261,3.24720954,3.33855897,3.48526339,364601423.6963119,877520702.0692979,4.417306198801363,3.501815481,4.005153734971197,2.9984772270288027,44.82849227576571,-0.04159945336314497,0.009805247399639186,-0.05140470076278415,44.990784677279876,31.298489120571315
2020-12-15 23:59:59,89,Uniswap,UNI,3.51630274,3.31963556,3.48430196,3.33150942,331368558.7711276,838880372.7142152,-4.411545206056866,3.484203236,3.9853825252503463,2.9830239467496535,45.82905016084491,-0.0439719993261809,-0.0009502019455248315,-0.04302179738065607,32.61115056343836,36.90710521361732
2020-12-16 23:59:59,90,Uniswap,UNI,3.53317972,3.25121168,3.33117989,3.52855053,569026020.9135668,897415957.1746562,5.914469543958245,3.4890558339999997,3.9899657799760044,2.988145888023995,41.830874343519085,-0.029611347082676875,-0.006682430972955241,-0.022928916109721635,55.072321231163826,44.22475215729403
2020-12-17 23:59:59,91,Uniswap,UNI,3.99304644,3.44575041,3.52872526,3.69151096,1276882131.0746474,938974378.487191,4.618339134284688,3.50779512,4.009600954543388,3.0059892854566113,46.170701526289214,-0.005022980144516964,-0.006350540807267586,0.001327560662750622,71.72834483122986,53.13727220861068
2020-12-18 23:59:59,92,Uniswap,UNI,3.84243785,3.55541072,3.69271777,3.76731462,764765771.570831,967792773.2319348,2.0534588904484785,3.5226772824999997,4.037215517868403,3.008139047131596,55.13366493975143,0.02034566745825206,-0.001011299154163657,0.021356966612415717,78.83561770024912,68.54542792088093
2020-12-19 23:59:59,93,Uniswap,UNI,4.23610709,3.71021271,3.76547571,3.96389255,860199471.3148907,1018410462.9465004,5.217985483782073,3.5432691464999997,4.094418744728782,2.9921195482712175,55.94749164974041,0.055670959369729545,0.010325152550614985,0.045345806819114556,79.21431878263196,76.59276043803699
2020-12-20 23:59:59,94,Uniswap,UNI,4.01578153,3.72819011,3.96359917,3.76568859,701901570.6103531,967631324.6613728,-5.000235437764333,3.5430998555000004,4.093959422447874,2.992240288552127,52.2142237659598,0.06690190113091932,0.021640502266675854,0.04526139886424346,64.07991659904553,74.0432843606422
2020-12-21 23:59:59,95,Uniswap,UNI,3.9184022,3.44885525,3.76621274,3.52324575,757127157.7472237,905433508.5809996,-6.438207361166837,3.5414915115,4.092387545735205,2.9905954772647942,45.48683153137929,0.055598487626085547,0.028432099338557795,0.02716638828752775,45.56753446959219,62.95392328375656
2020-12-22 23:59:59,96,Uniswap,UNI,3.77340982,3.29904714,3.52019541,3.73061416,734453822.739407,958801028.8768184,5.885720858387478,3.5311752049999994,4.058096692951495,3.004253717048503,59.2798835760573,0.06265114522057669,0.035275908514961575,0.027375236705615112,61.40171314650077,57.01638807171283
2020-12-23 23:59:59,97,Uniswap,UNI,3.76971416,3.02677571,3.72935372,3.31396994,838383816.39631,851816812.9726367,-11.168247428729003,3.5022746015000004,4.008885920937395,2.9956632820626052,49.24566084941608,0.03422618253568466,0.03506596331910619,-0.0008397807834215343,29.587711080413595,45.51898623216885
2020-12-24 23:59:59,98,Uniswap,UNI,3.52143239,3.16793277,3.31553774,3.52143239,673684478.0806745,905198426.2303164,6.2602393430279735,3.5019396130000002,4.00848779761461,2.9953914283853904,54.886228263073676,0.02811558177076101,0.03367588700943716,-0.00556030523867615,45.429070437170104,45.472831554694814
2020-12-25 23:59:59,99,Uniswap,UNI,3.63597354,3.38354015,3.52148253,3.50369878,597006834.1877309,900828920.9527804,-0.5035908129418898,3.4930408534999997,3.9924979161963994,2.9935837908036,60.26572555243841,0.021593021607122953,0.03125931392897432,-0.009666292321851365,42.338299499851054,39.118360339144914
2020-12-26 23:59:59,100,Uniswap,UNI,3.59978136,3.36239433,3.50356115,3.40696394,531596588.269242,876098440.141036,-2.760934831275663,3.4807336705000003,3.975693740054139,2.9857736009458615,55.60904966022377,0.008519939979119595,0.026711439139003375,-0.01819149915988378,31.437886776741035,39.73508557125406
2020-12-27 23:59:59,101,Uniswap,UNI,3.77099117,3.37605437,3.40689161,3.59463998,966315809.8824518,924485286.1780283,5.508600716214218,3.4722386345000005,3.952296940009128,2.992180328990873,55.120299746403425,0.013151711809270328,0.023999493673056767,-0.010847781863786439,46.95687876717466,40.24435501458891
2020-12-28 23:59:59,102,Uniswap,UNI,3.91333214,3.57897239,3.59486928,3.72836028,859661085.0793926,959011053.1619704,3.719991452384619,3.4944073645000002,3.9789845466197464,3.009830182380254,54.87339267048483,0.0272978622538691,0.024659167389219236,0.0026386948646498626,58.01425329755357,45.469672947156425
2020-12-29 23:59:59,103,Uniswap,UNI,3.82327011,3.50297985,3.72754665,3.6708054,686584801.0579278,985107448.8832926,-1.5437048910949105,3.510176773,3.9962341640989103,3.0241193819010896,57.07478393358042,0.03347866932865351,0.026423067777106093,0.007055601551547417,53.25502179559749,52.742051286775244
2020-12-30 23:59:59,104,Uniswap,UNI,4.3354187,3.63935282,3.67033092,4.14055831,763321282.1083853,1111315023.9393563,12.796998446172058,3.555024193,4.0995265072334695,3.01052187876653,61.458088447889395,0.07541282530657689,0.036221019283000255,0.039191806023576636,85.10973646066758,65.45967051793956
2020-12-31 23:59:59,105,Uniswap,UNI,5.28374091,3.95631792,4.13722104,5.16833732,1385543382.9382567,1387373840.4002287,24.822232487772887,3.664835588,4.514617222143809,2.815053953856191,70.88594445321559,0.1893958847729662,0.06685599238099345,0.12253989239197276,94.8867802658189,77.75051284069465
2021-01-01 23:59:59,106,Uniswap,UNI,5.26797261,4.6420704,5.16686113,4.7362491,840105754.2883397,1273682447.7946596,-8.36029448635136,3.7455213499999997,4.680653631993196,2.810389068006804,62.44860364013767,0.2420719179757156,0.10189917749993788,0.1401727404757777,75.74212442442624,85.2462137169709
2021-01-02 23:59:59,107,Uniswap,UNI,5.16960538,4.49131952,4.73460276,4.84521386,1418519092.071442,1303181237.0459082,2.300655174576871,3.8208909635000006,4.855373979807467,2.7864079471925343,61.583754136248544,0.2892760055507959,0.1393745431101095,0.14990146244068642,80.57005708373353,83.73298725799289
2021-01-03 23:59:59,108,Uniswap,UNI,5.61278194,4.67213651,4.84665447,5.44703128,2184123152.7238984,1465283748.264174,12.420863916211111,3.918979358,5.16903170010642,2.66892701589358,69.97916608396073,0.37097089962755936,0.18569381441359947,0.18527708521395989,93.5904771582859,83.30088622214856
2021-01-04 23:59:59,109,Uniswap,UNI,6.1691837,4.93133864,5.4738224,5.40656561,3707353730.999563,1454876039.815416,-0.7428940264870287,4.0227321675,5.404949729400945,2.640514605599055,73.50763115840455,0.42752125151530773,0.23405930183394114,0.1934619496813666,75.7314106752892,83.29731497243621
2021-01-05 23:59:59,110,Uniswap,UNI,6.55218252,5.25441881,5.41907769,6.27929137,2956879540.917024,1689967870.7867787,16.141961884006427,4.1602692095,5.84890059429428,2.47163782470572,77.2812212156164,0.5365741946579554,0.294562280398744,0.24201191425921142,92.25930042382826,87.19372941913446
2021-01-06 23:59:59,111,Uniswap,UNI,6.58984226,6.05464387,6.28392267,6.40937474,2462933929.988384,1725353569.6704693,2.07162500248812,4.2961623985,6.243571635336565,2.348753161663435,85.29892778914763,0.6262767500585147,0.36090517433069813,0.26537157572781656,94.72611649935837,87.57227586615859
2021-01-07 23:59:59,112,Uniswap,UNI,6.7715262,6.12133429,6.41078445,6.26771472,2482937538.8128085,1687547648.1585357,-2.2102003041875484,4.4211824035,6.5392078764960875,2.303156930503912,81.79482488619219,0.6781189585340703,0.4243479311713726,0.25377102736269774,85.22170748414023,90.73570813577562
2021-01-08 23:59:59,113,Uniswap,UNI,6.34864545,5.51218475,6.26641152,5.88761164,3002482252.19602,1585532826.449155,-6.064460445002506,4.517368358000001,6.720950011099902,2.3137867049001,75.46302660307639,0.6806866088378927,0.47561566670467664,0.20507094213321603,74.07215110162342,84.67332502837401
2021-01-09 23:59:59,114,Uniswap,UNI,6.34860197,5.68918323,5.88872958,6.25130035,1895112492.7417383,1683749401.422958,6.177185796853957,4.641648946,6.944850464806782,2.338447427193218,78.74181827875202,0.7039533931062669,0.5212832119849947,0.1826701811212722,84.67883475269474,81.32423111281946
2021-01-10 23:59:59,115,Uniswap,UNI,6.58353414,5.60845343,6.24964644,5.99116286,2348003198.192147,1616235372.1915743,-4.161334049483001,4.765044801499999,7.080363728003756,2.4497258749962425,73.8671748083912,0.6934083856458049,0.5557082467171568,0.13770013892864807,76.12506428125151,78.29201671185656
2021-01-11 23:59:59,116,Uniswap,UNI,5.99230397,4.46727256,5.99230397,5.25150553,4720287191.811483,1448673258.4285564,-12.345805768998908,4.841089370000001,7.112850800423425,2.569327939576576,63.535510842240605,0.6182405342662882,0.5682147042269831,0.050025830039305164,53.49551429796919,71.43313777730515
2021-01-12 23:59:59,117,Uniswap,UNI,5.79856405,4.98210038,5.24494275,5.5453677,2485771003.28989,1529887354.2062104,5.595769981032461,4.952659258,7.125662631895459,2.779655884104541,65.98695846632586,0.5757448633077926,0.569720736043145,0.006024127264647627,60.85278970093283,63.49112276005118
2021-01-13 23:59:59,118,Uniswap,UNI,6.3739735,5.284134,5.54474304,6.32484939,1668136048.584636,1753053644.244708,14.056447329903833,5.092830107999999,7.2386103226707235,2.9470498933292752,67.69368876513167,0.5980702147413606,0.5753906317827882,0.02267958295857242,84.13343647881,66.16058015923734
2021-01-14 23:59:59,119,Uniswap,UNI,7.10648598,6.1961477,6.32599813,6.87152013,2149188357.943913,1904871781.9527924,8.64322146333354,5.2612211755,7.410495679796944,3.1119466712030563,64.96275859884426,0.6523550338446817,0.5907835121951669,0.06157152164951485,91.0971258247088,78.69445066815054
2021-01-15 23:59:59,120,Uniswap,UNI,7.46550778,6.46227056,6.89801435,7.36007632,2902758852.3053856,2040530747.519591,7.109870607335322,5.4588767945,7.61722057464565,3.3005330143543503,72.8243263283554,0.7264247729843811,0.6179117643530098,0.10851300863137137,96.48354941277755,90.57137057209877
2021-01-16 23:59:59,121,Uniswap,UNI,9.21820707,7.24047848,7.35814703,8.41865743,2964752878.9521303,2334383897.245174,14.382746373477806,5.700077667,8.050844291786238,3.349311042213763,76.67748044295544,0.8606234916495659,0.666454109812321,0.19416938183724486,83.17068698132822,90.25045407293818
2021-01-17 23:59:59,122,Uniswap,UNI,9.15650097,8.10349858,8.43025955,8.6620615,2577838948.8778734,2402396385.2501936,2.89124568880339,5.9467627279999995,8.45643249349908,3.4370929625009197,75.35881814599709,0.9753741116675938,0.7282381101833756,0.24713600148421822,88.29397524151517,89.31607054520698
2021-01-18 23:59:59,123,Uniswap,UNI,9.83761936,8.36015446,8.66549815,9.21562851,2128019522.8222804,2556450474.3179173,6.39070745457071,6.2240038835,8.894933138395936,3.553074628604064,77.79453838356821,1.0983222607795238,0.8022549403026052,0.2960673204769185,88.41805058101649,86.62757093461995
2021-01-19 23:59:59,124,Uniswap,UNI,9.63108065,8.51330361,9.20758328,8.64135045,4178260771.394405,2464938778.409669,-6.231566944965761,6.4490434905,9.139213202328541,3.758873778671459,68.02072030102718,1.1363213100178786,0.8690682142456599,0.2672530957722187,77.72455011657719,84.81219197970296
2021-01-20 23:59:59,125,Uniswap,UNI,9.01918637,7.68351065,8.62317946,8.9825195,4173020645.8018193,2562614948.792108,3.948098760420038,6.639752599500001,9.48401571683608,3.795489482163922,69.01858443845616,1.1803588789651025,0.9313263471895485,0.24903253177555396,84.0773809989329,83.40666056550886
2021-01-21 23:59:59,126,Uniswap,UNI,9.01300006,7.41148766,8.98602562,7.60239984,3679537997.8204985,2169155158.163901,-15.3645050255666,6.7830601365,9.509898613056807,4.056221659943192,58.338367063461,1.0913148489497937,0.9633240475415976,0.12799080140819608,58.37848833151708,73.39347314900907
2021-01-22 23:59:59,127,Uniswap,UNI,9.01252584,7.11654879,7.59045865,8.71697842,3361566673.176761,2487322101.063074,14.660878189221885,6.976648364499999,9.673804452029103,4.279492276970896,66.19047339254607,1.098026622710452,0.9902645625753685,0.10776206013508349,79.1328012559636,73.8628901954712
2021-01-23 23:59:59,128,Uniswap,UNI,9.5074773,8.54747405,8.7058424,9.30468023,1955096498.1786287,2655407773.1684203,6.742035848701811,7.169530812,9.956361618447012,4.382700005552987,67.03559451530182,1.1376542066800779,1.0197424913963105,0.11791171528376743,90.07626230022987,75.86251729590352
2021-01-24 23:59:59,129,Uniswap,UNI,12.24096684,9.19489925,9.30942347,12.04650866,3944520029.27856,3450685058.9016585,29.46719674642704,7.501527964499999,10.915522312040341,4.087533616959657,76.45767962456166,1.3744580950132033,1.090685612119689,0.2837724828935142,97.49851006489543,88.90252454036296
2021-01-25 23:59:59,130,Uniswap,UNI,12.88794244,10.92244838,12.02785784,11.35221143,4870764024.034347,3252431411.725396,-5.763472634236255,7.755173967500001,11.522348607122206,3.987999327877796,76.76195220257755,1.4889393328239056,1.1703363562605325,0.3186029765633731,80.57473197232075,89.38316811248201
2021-01-26 23:59:59,131,Uniswap,UNI,14.19339558,11.26380845,11.33946913,13.84000205,5870212558.778764,3965776568.042117,21.91459025706324,8.126705333,12.711884403314667,3.541526262685333,80.51287356995408,1.7601208725009627,1.2882932595086185,0.4718276129923442,96.0334139162182,91.36888531781146
2021-01-27 23:59:59,132,Uniswap,UNI,15.49822314,13.13569968,13.86012737,14.83348352,6372857509.22218,4251157620.010167,7.178333257544556,8.554993773,13.93956777366816,3.17041977233184,80.81493307381994,2.0317787673191603,1.4369903610707269,0.5947884062484334,92.85385692378347,89.82066760410748
2021-01-28 23:59:59,133,Uniswap,UNI,15.37895901,13.68282758,14.82508213,14.20477366,2104591928.88,4071492900.34,-4.238450524128801,8.970851874000001,14.757699078078996,3.1840046699210047,76.40128234871973,2.171308482207273,1.583853985298036,0.587454496909237,85.68552160330174,91.52426414776782
2021-01-29 23:59:59,134,Uniswap,UNI,15.71157817,14.12673264,14.1936491,15.71157817,1854912080.64,4543750886.54,10.607733330120508,9.443865765,15.812087699116326,3.075643830883675,78.01330787568736,2.3760833082625474,1.7422998498909383,0.6337834583716091,100.0,92.8464595090284
2021-01-30 23:59:59,135,Uniswap,UNI,19.5511634,15.11357925,15.6774543,19.46233967,2232275171.97,5629704206.08,23.87259547969393,10.1174246055,17.684774446312556,2.5500747646874444,81.37678594238358,2.8086475986675357,1.955569399646258,0.8530781990212777,99.2856736393859,94.99039841422922
2021-01-31 23:59:59,136,Uniswap,UNI,20.38612805,17.52891192,19.48667067,17.6662939,2248905215.6,5111402819.64,-9.22831376110701,10.738164024,18.653633658974332,2.822694389025666,73.50835362248918,2.9722695585156877,2.158909431420144,0.8133601270955437,79.50323746737995,92.92963703558864
2021-02-01 23:59:59,137,Uniswap,UNI,20.69341277,16.72660728,17.69935544,20.4156725,2217716965.97,5907917256.91,15.562848753467184,11.481679264,20.105298863359987,2.858059664640013,76.23336480067735,3.285915032943551,2.3843105517248255,0.9016044812187256,97.95431205314321,92.24774105330305
2021-02-02 23:59:59,138,Uniswap,UNI,20.49296018,18.13624322,20.43139129,19.08366191,1674573149.33,5523529702.82,-6.524451202868775,12.11961989,21.020243785085498,3.2189959949145006,73.62013961743504,3.3879450865500687,2.5850374586898743,0.8029076278601943,88.14342647631064,88.53365866561127
2021-02-03 23:59:59,139,Uniswap,UNI,20.46472097,18.76548447,19.06243301,19.7659071,1414097283.49,5723881390.91,3.575022410360873,12.7643392385,21.928458611228507,3.6002198657714928,74.02099676953509,3.483698219642923,2.7647696108804842,0.7189286087624387,93.16848374288567,93.0887407574465
2021-02-04 23:59:59,140,Uniswap,UNI,21.51125665,19.52862764,19.77550008,20.14545504,1355026915.29,5839080530.46,1.9202151364963167,13.403608174499999,22.762101820166123,4.045114528833876,79.24445952827793,3.5492955445488015,2.9216747976141475,0.627620746934654,90.51177958397275,90.60789660105637
2021-02-05 23:59:59,141,Uniswap,UNI,22.27496047,19.7958161,20.13979263,21.18557362,1243281251.73,6373378133.21,5.163043366033571,14.041953984,23.705463323350173,4.378444644649825,79.17214294785107,3.643214069936043,3.0659826520785267,0.5772314178575164,92.06419284150346,91.9148187227873
2021-02-06 23:59:59,142,Uniswap,UNI,21.58681436,19.27298213,21.17759015,19.30009871,1073623433.61,5806814611.23,-8.89980580096278,14.573855844499999,24.16132202210268,4.986389666897319,72.04693869578074,3.5248705962088263,3.157760240904587,0.3671103553042392,77.25651501193815,86.6108291458048
2021-02-07 23:59:59,143,Uniswap,UNI,19.62639033,17.16372284,19.28233981,18.68686418,1078369272.13,5623224621.63,-3.177364733799326,15.047417628,24.454455125204262,5.640380130795739,66.16452636021188,3.343062891081134,3.194820770939897,0.14824212014123717,68.39381221042153,79.23817335462105
2021-02-08 23:59:59,144,Uniswap,UNI,20.11274239,18.18270635,18.67070506,19.34528104,1100318951.96,5822309467.53,3.5234208032864256,15.5826141575,24.667522527874358,6.497705787125643,69.49146861800438,3.2150466563391404,3.1988659480197454,0.016180708319395,73.39352481303767,73.01461734513246
2021-02-09 23:59:59,145,Uniswap,UNI,19.91466478,18.93742169,19.35104569,19.53385822,822779049.43,5880281975.94,0.9747967972658644,16.1101810935,24.79808500374984,7.422277183250161,65.63833117468468,3.0931535220388398,3.1777234628235647,-0.0845699407847249,70.00739651724064,70.59824451356663
2021-02-10 23:59:59,146,Uniswap,UNI,22.36044886,19.52215217,19.52215217,20.74179976,1513117186.1,6245125353.04,6.183834890145934,16.7671510895,24.700635241886793,8.833666937113207,66.03841255021109,3.058763599244717,3.1539314901077953,-0.09516789086307842,81.34685707325542,74.91592613451125
2021-02-11 23:59:59,147,Uniswap,UNI,21.91075108,20.20966082,20.72442852,21.55499681,940200134.73,6490772819.01,3.920571307260557,17.409052009,24.647011333317657,10.171092684682343,69.75467653915402,3.061832642648241,3.1355117206158845,-0.07367907796764328,90.21763650241516,80.52396336430375
2021-02-12 23:59:59,148,Uniswap,UNI,23.59542092,21.26839055,21.54099402,22.74602037,1324482438.57,6850114250.31,5.525510258704602,18.081119016,24.612213390699832,11.550024641300165,69.23242639378672,3.1243549105837864,3.133280358609465,-0.008925448025678406,89.98565897540506,87.18338418369189
2021-02-13 23:59:59,149,Uniswap,UNI,23.47135175,21.33660901,22.73182984,21.80675402,969494115.63,6568455013.66,-4.129365641643446,18.569131284,24.644324757779252,12.49393781022075,57.57412071253044,3.0628071790736406,3.1191857227023,-0.05637854362865946,73.95959486243974,84.72096344675333
2021-02-14 23:59:59,150,Uniswap,UNI,22.57197154,20.83055951,21.80632309,20.93077401,782187072.01,6305047039.79,-4.017012386146956,19.048059413,24.161897520775454,13.934221305224549,61.21320250623916,2.909803489154598,3.07730927599276,-0.16750578683816197,61.20659185623212,75.05061523135898
2021-02-15 23:59:59,151,Uniswap,UNI,21.47204271,17.62528326,20.90059012,20.06204541,1274415765.77,6043357017.33,-4.150484829586098,19.359161581000002,23.859161132852037,14.859162029147967,48.60510529792657,2.6874683624185423,2.9993410932779163,-0.31187273085937406,45.06310050548892,60.076429074720274
2021-02-16 23:59:59,152,Uniswap,UNI,21.28141725,19.48818758,20.04433603,20.45751915,881473850.98,6162486894.17,1.9712533389186548,19.6403633625,23.622709125617984,15.658017599382017,55.85156651434578,2.514195517455324,2.902311978113398,-0.38811646065807404,51.211923648008074,52.49387200324305
2021-02-17 23:59:59,153,Uniswap,UNI,21.73776678,19.26185061,20.46384746,21.4885262,855158976.22,6473060596.54,5.039746229444431,20.0045509895,23.134980162957383,16.874121816042617,57.12533431639189,2.4320342153621475,2.8082564255631484,-0.3762222102010009,67.24201456919135,54.505679574229454
2021-02-18 23:59:59,154,Uniswap,UNI,22.23485347,20.66959575,21.48812078,21.16178597,593118926.01,6374635543.1,-1.5205334556634198,20.2770613795,22.703771357861438,17.850351401138564,54.22233366661376,2.313882587507237,2.7093816579519663,-0.3954990704447292,62.161859594006344,60.20526593706861
2021-02-19 23:59:59,155,Uniswap,UNI,21.49894622,19.43957018,21.18318247,20.07491187,767599935.75,6047232824.3,-5.136022552826147,20.3076899895,22.706404864325787,17.90897511467421,45.403626634593316,2.1082424085610008,2.5891538080737733,-0.4809113995127725,45.263148142053375,58.222340768417034
2021-02-20 23:59:59,156,Uniswap,UNI,32.63268288,19.56889333,20.07264407,29.14038501,4080070578.35,8785103362.33,45.1582213596039,20.881394545,25.27726573401327,16.48552335598673,75.54334972451889,2.64627440022921,2.6005779265048607,0.04569647372434904,77.42383546812758,61.61628106806244
2021-02-21 23:59:59,157,Uniswap,UNI,31.94686579,28.02164539,28.91055093,28.82971549,2165245356.33,8692883303.31,-1.0661132990980926,21.3020966945,26.94416797381305,15.66002541518695,76.74891592501967,3.0128697094823167,2.683036283100352,0.32983342638196467,74.65938479487231,65.78212280168442
2021-02-22 23:59:59,158,Uniswap,UNI,28.98948535,22.42612593,28.8161297,27.71704643,2088659957.65,8358512592.87,-3.8594521003370574,21.733765920499998,27.952751458459957,15.514780382540039,71.56157610664158,3.176993634059741,2.78182775329223,0.3951658807675109,67.24524851427927,73.10948959242639
2021-02-23 23:59:59,159,Uniswap,UNI,27.74392619,18.53455176,27.70821339,24.5766447,2670108296.19,7411839335.72,-11.330217806327791,21.974302800500002,28.244739567477428,15.703866033522576,61.273610533300136,3.0188593214744195,2.8292340669286684,0.18962525454575108,46.319559790598824,62.7413976999168
2021-02-24 23:59:59,160,Uniswap,UNI,27.28932,23.15284514,24.6518799,25.25514648,1423106271.48,7617271888.99,2.760758387820128,22.229787372500002,28.602031391331323,15.857543353668683,60.33464347036595,2.914687459916408,2.8463247455262164,0.06836271439019148,50.840674688450804,54.801827664442975
2021-02-25 23:59:59,161,Uniswap,UNI,26.83770933,23.2711704,25.24555163,23.2711704,984151754.43,7018879586.77,-7.8557298472655805,22.3340672115,28.702619988873195,15.965514434126803,53.72971189527288,2.6415896194374398,2.805377720308461,-0.16378810087102114,37.62068901314431,44.926974497397985
2021-02-26 23:59:59,162,Uniswap,UNI,25.12183044,21.10539996,23.4163051,23.07451171,1101820829.2,6960566064.49,-0.8450743414263329,22.5227878615,28.73455411229464,16.31102161070536,50.74614998897477,2.381832616789392,2.7206686996046474,-0.33883608281525524,36.310277516285666,41.59054707262693
2021-02-27 23:59:59,163,Uniswap,UNI,24.72790103,22.436401,23.09899106,23.45471967,761796612.62,7310011683.65,1.64774000324881,22.761180636,28.713645917238374,16.808715354761624,53.84080983160827,2.1815058836971666,2.6128361364231516,-0.431330252725985,38.843747468623754,37.59157133268457
2021-02-28 23:59:59,164,Uniswap,UNI,24.05384549,20.62916911,23.50802716,22.18955961,901637422.6,6916197524.34,-5.394053213171491,22.903394564499997,28.644385463912073,17.162403665087922,52.881499815781055,1.8987698243947406,2.4700228740174697,-0.571253049622729,30.4135057742935,35.189176919734315
2021-03-01 23:59:59,165,Uniswap,UNI,25.45311359,22.14498919,22.21850339,25.44464301,839066478.44,7931306354.44,14.669436695503668,23.198933804,28.81680824849539,17.581059359504607,61.10780590257951,1.915279338908288,2.3590741669956334,-0.4437948280873454,49.01423593796169,39.42382972695965
2021-03-02 23:59:59,166,Uniswap,UNI,27.3514732,24.64336647,25.49113876,25.60691279,1232183265.34,7982338224.68,0.6377365166264193,23.4421894555,29.033344630353703,17.851034280646296,60.72982916169698,1.919332196388602,2.2711257728742273,-0.35179357648562526,50.165238000708854,43.19765990432135
2021-03-03 23:59:59,167,Uniswap,UNI,27.57000063,25.35511535,25.58643799,25.4664093,754004617.58,7938845765.34,-0.5486935936098836,23.63776008,29.224602506412737,18.050917653587263,58.60820289450287,1.8894265248830031,2.1947859232759823,-0.3053593983929792,49.168627252773064,49.44936706381454
2021-03-04 23:59:59,168,Uniswap,UNI,29.66740711,24.81820211,25.42898931,28.26248115,1805032641.18,8811275414.72,10.97945068368944,23.913583119000002,29.84888549149491,17.978280746505092,63.88236221502058,2.067512695926954,2.169331277806177,-0.10181858187922277,69.00155281007204,56.111806021184655
2021-03-05 23:59:59,169,Uniswap,UNI,28.72995411,25.953621,28.25119141,28.34505432,1189024358.83,14771381030.29,0.2921653253362688,24.240498134,30.40309938439031,18.07789688360969,66.82960622170195,2.1900645335719062,2.173477928959323,0.016586604612583322,69.58725576103168,62.58581194129226
2021-03-06 23:59:59,170,Uniswap,UNI,28.94862116,27.23840186,28.31118206,28.477107,668584460.07,14840891541.7,0.465875558075135,24.617814783500002,30.850852078775745,18.38477748822426,47.87911196084454,2.271657047127672,2.1931137525929927,0.07854329453467912,74.13005106919644,70.90628654676674
2021-03-07 23:59:59,171,Uniswap,UNI,34.76778027,28.51609253,28.51609253,34.27825427,1593346979.08,17864556536.13,20.37126618936396,25.3286252265,32.539802339122765,18.11744811387724,62.89455990944786,2.7724645588066608,2.3089839138357267,0.4634806449709341,96.98441995257784,80.23390892760199
2021-03-08 23:59:59,172,Uniswap,UNI,34.87341569,32.25296514,34.28323157,33.29326699,1249974446.1,17352294772.83,-2.873504794735271,25.9704126185,33.627196755768324,18.313628481231675,63.27697153583516,3.054665594808071,2.4581202500301957,0.5965453447778755,90.32889491723675,87.14778864633702
2021-03-09 23:59:59,173,Uniswap,UNI,34.65371884,32.41237606,33.29075674,32.86460519,912214251.37,17143384075.92,-1.2875330021795528,26.539216568,34.47908210415022,18.599351031849782,72.6597388227693,3.2067570253526725,2.6078476050946913,0.5989094202579812,85.89739029917858,91.07023505633106
2021-03-10 23:59:59,174,Uniswap,UNI,33.49211143,30.45692512,32.8761837,30.9670982,776104816.82,16154301007.82,-5.773709980783126,27.0294821795,34.779920211155144,19.279044147844857,64.64087908969256,3.1380046594790407,2.7138790159715613,0.4241256435074794,72.57617334787811,82.93415285476449
2021-03-11 23:59:59,175,Uniswap,UNI,31.75115389,29.61973392,30.90843556,31.02901176,688330980.2,16187185269.99,0.1999333602397346,27.577187174000006,34.787701418709624,20.366672929290388,72.05837499192015,3.0533170823475224,2.7817666292467536,0.27155045310076886,73.0108299627596,77.16146453660544
2021-03-12 23:59:59,176,Uniswap,UNI,31.88264325,29.4227941,31.04164665,31.00783836,630829033.13,16176859354.19,-0.068237429421758,27.6705598415,35.013456307613836,20.327663375386166,72.7847210032506,2.950481734083823,2.8155096502141674,0.13497208386965553,72.86218468425307,72.81639599829693
2021-03-13 23:59:59,177,Uniswap,UNI,33.25103323,30.25435822,30.97861188,32.52656862,743952567.08,16969706699.11,4.8978914375377824,27.855402498,35.50104045242932,20.209764543570675,74.45527727330726,2.9574412770215623,2.8438959755756463,0.11354530144591601,83.5242456888162,76.46575344527629
2021-03-14 23:59:59,178,Uniswap,UNI,33.67921074,30.7960226,32.50917028,30.7960226,558846418.29,16067786777.56,-5.320407572706321,28.0093513065,35.76644046740323,20.25226214559677,72.63283799371196,2.79114162072468,2.833345104605453,-0.042203483880772996,67.9662439815322,74.78422478486716
2021-03-15 23:59:59,179,Uniswap,UNI,31.46309078,29.65038789,30.75414693,29.81665621,623504910.62,15557340462.37,-3.1801716823002923,28.271351881999998,35.89305280454065,20.64965095945934,63.06052926312262,2.5509158917088897,2.7768592620261403,-0.22594337031725065,50.56954887261041,67.35334618098628
2021-03-16 23:59:59,180,Uniswap,UNI,30.01132444,28.10150726,29.83073746,29.93006336,549084934.66,15617039803.19,0.3803483167303056,28.505097726000002,36.02335802131568,20.986837430684325,62.95237428169041,2.342681308101543,2.6900236712412213,-0.34734236313967815,50.837918153897604,56.45790366934674
2021-03-17 23:59:59,181,Uniswap,UNI,31.54869107,29.62311513,29.94373732,31.33999408,763515293.32,16353287148.46,4.710750869589875,28.908538909999997,36.10323690196014,21.713840918039857,66.35360942886791,2.265310437547626,2.6050810245025025,-0.3397705869548764,64.85980549405694,55.422424173521655
2021-03-18 23:59:59,182,Uniswap,UNI,31.51703497,29.81927494,31.24957883,30.02918318,408556938.71,15669652211.65,-4.18254992854804,29.256272483500005,35.916114011968034,22.596430955031977,55.36248001546652,2.0743106188794833,2.4989269433778984,-0.42461632449841513,45.69121063480443,53.796311427586325
2021-03-19 23:59:59,183,Uniswap,UNI,34.1387035,29.56763945,30.01091825,33.25638035,811698241.49,17354345782.55,10.746869638962986,29.7463555175,36.04118704681996,23.451523988180046,62.517760053012125,2.158468248938579,2.4308352044900348,-0.2723669555514556,78.82079357019316,63.12393656635152
2021-03-20 23:59:59,184,Uniswap,UNI,35.12473971,31.99809705,33.32646033,32.19557077,849531036.59,16801490992.96,-3.1897926618463024,30.2466560755,35.520339935568344,24.97297221543165,59.049035473926985,2.115182798883012,2.3677047233686306,-0.2525219244856185,58.293151182828964,60.935051795942194
2021-03-21 23:59:59,185,Uniswap,UNI,33.31988963,31.36582481,32.21406153,32.68374904,488482019.0,17056448840.77,1.5162901552125518,30.608611377,35.472346821381784,25.744875932618214,44.76635509963365,2.0961080456043497,2.3133853878157744,-0.2172773422114247,65.24405695841665,67.45266723714626
2021-03-22 23:59:59,186,Uniswap,UNI,35.86034031,31.85307865,32.72428047,32.96406372,1102796186.05,17203476180.68,0.8576576685157322,30.9764689235,35.333928715651986,26.619009131348015,48.86704681310355,2.079637452174005,2.2666358006874208,-0.1869983485134159,62.67123456149117,62.06948090091226
2021-03-23 23:59:59,187,Uniswap,UNI,36.4149142,30.52696548,32.92839351,31.10017847,1671747241.15,16231474954.73,-5.654294524582959,31.258157382,34.76027687514845,27.756037888851555,44.473652895209455,1.8943475661283031,2.1921781537755973,-0.2978305876472942,36.07030464937157,54.661865389759804
2021-03-24 23:59:59,188,Uniswap,UNI,31.87839182,26.06624051,31.05727705,27.59833762,1266483731.98,14403963942.14,-11.259873808692012,31.2249502055,34.856859802024815,27.593040608975183,40.41228199227096,1.4482402934015752,2.043390581700793,-0.5951502882992177,14.80476779822013,37.84876900302762
2021-03-25 23:59:59,189,Uniswap,UNI,27.88510808,25.7222887,27.43755097,26.67650097,926532572.95,13923601359.67,-3.3401890457777528,31.141522537999997,35.112775326672846,27.170269749327147,38.19051350015663,1.0086850587193652,1.8364494771045075,-0.8277644183851423,8.924022168362667,19.933031538651456
2021-03-26 23:59:59,190,Uniswap,UNI,29.03029611,26.59673703,26.64678642,28.96528846,647332549.75,15118637692.54,8.579788978224467,31.165931611,35.07372409393626,27.258139128063746,45.06526552500592,0.8353905286553029,1.6362376874146667,-0.8008471587593637,30.329312103935564,18.019367356839453
2021-03-27 23:59:59,191,Uniswap,UNI,29.47951123,27.81387845,28.92785701,28.13306028,507932899.54,14684711618.74,-2.873191410295384,30.8586719115,34.70191850079161,27.015425322208394,39.02124605629588,0.6237097681930841,1.43373210357035,-0.810022335377266,22.546114422505486,20.59981623160124
2021-03-28 23:59:59,192,Uniswap,UNI,29.04605374,27.44518242,28.13580585,27.84012417,412582101.22,14532441592.39,-1.0412522032245852,30.586014770499997,34.47547758240535,26.696551958594643,42.04185512155065,0.4273870921820233,1.2324631012926848,-0.8050760091106615,19.806505614547145,24.22731071366273
2021-03-29 23:59:59,193,Uniswap,UNI,29.62220175,27.60345075,27.84029377,29.12337236,520880675.4,15202459124.24,4.609347940275366,30.398953129,34.185498060212076,26.612408197787925,48.16352649745905,0.37106989858723693,1.0601844607515953,-0.6891145621643584,31.80775067825953,24.720123571770717
2021-03-30 23:59:59,194,Uniswap,UNI,29.27234488,28.10792423,29.11867355,28.48761617,504391380.54,14871243020.87,-2.1829758660545484,30.274979027499995,34.14464950289547,26.40530855210452,46.28192334347665,0.27200243091511567,0.9025480547842994,-0.6305456238691838,25.86200620231205,25.825420831706243
2021-03-31 23:59:59,195,Uniswap,UNI,28.97114856,27.02040021,28.48599791,27.98652266,560514222.53,14609704547.19,-1.7589871578222671,30.1228545725,34.10528415972672,26.140424985273278,40.931133694557396,0.15131245480829492,0.7523009347890987,-0.6009884799808037,21.175659429950098,26.281805436840557
2021-04-01 23:59:59,196,Uniswap,UNI,30.26821322,27.98485627,27.98485627,28.73943227,751718827.64,15003733934.99,2.690257804254137,30.009434268,34.01488235740203,26.00398617859797,46.40357663545143,0.11509158823106347,0.6248590654774916,-0.5097674772464281,28.217050807586958,25.0849054799497
2021-04-02 23:59:59,197,Uniswap,UNI,30.20549157,28.70728344,28.73680391,30.1756456,535780413.24,15753767687.38,4.997361522340205,29.891888116999997,33.720382043606996,26.063394190392998,40.45623445559333,0.19997155569071268,0.5398815635201358,-0.33991000782942316,41.64886257355595,30.347190937031
2021-04-03 23:59:59,198,Uniswap,UNI,32.50380032,29.54443731,30.16325125,29.54988535,901722733.73,15427822429.75,-2.0737261376107874,29.8295812545,33.63662047210483,26.022542036895164,41.576926624644415,0.21427587998883268,0.47476042681387526,-0.2604845468250426,35.79660252760186,35.22083863624826
2021-04-04 23:59:59,199,Uniswap,UNI,31.60142166,29.30684355,29.53693598,31.06555543,457926442.94,16219657547.09,5.129191068079719,29.892026215500003,33.73893416764882,26.045118263351185,45.164513645863,0.343949235835062,0.4485981886181126,-0.10464895278305064,49.971512889888466,42.472325997015425
2021-04-05 23:59:59,200,Uniswap,UNI,31.52869153,29.68627679,31.07190621,30.79484599,497831517.09,16113294040.08,-0.8714134875521196,29.935265347,33.80335539750736,26.06717529649264,43.51422015312267,0.4200304654486615,0.44288464398422245,-0.02285417853556093,47.43977323436605,44.40262955061879
2021-04-06 23:59:59,201,Uniswap,UNI,32.35935508,30.29415925,30.81817264,31.32274785,562448081.72,16389842575.25,1.7142539377252408,29.934403035499997,33.80118200365409,26.0676240673459,50.72324347165387,0.5169634237448051,0.457700399936339,0.0592630238084661,82.58422994488649,59.99850535638033
2021-04-07 23:59:59,202,Uniswap,UNI,31.41863427,27.87626873,31.29210964,28.59392519,679675887.79,14962402066.1,-8.711951687852949,29.862640136,33.77501732019637,25.95026295180363,53.40630965018855,0.3693328692048041,0.44002689379003207,-0.07069402458522794,42.34507954732368,57.456360908858734
2021-04-08 23:59:59,203,Uniswap,UNI,30.29578896,28.39754132,28.6136979,30.22243116,421298840.23,15815006290.35,5.695286530894084,29.710942676499997,33.29037329589955,26.131512057100444,61.572469135357736,0.3793682913833827,0.4278951733087022,-0.04852688192531951,61.378961964702384,62.102757152304186
2021-04-09 23:59:59,204,Uniswap,UNI,30.51779572,29.36469767,30.21923517,29.56221964,322122933.32,15469952724.16,-2.1845083094235163,29.57927512,32.962221570891096,26.196328669108905,52.1798591260106,0.3302410702254761,0.40836435269205695,-0.07812328246658085,46.35480502990321,50.026282180643086
2021-04-10 23:59:59,205,Uniswap,UNI,30.81261623,29.21863182,29.55441546,29.79238981,439672477.41,15590603698.47,0.7785956968148655,29.434707158499997,32.4903391774334,26.379075139566595,56.338201220283665,0.3063488043014715,0.38796124301393986,-0.08161243871246837,50.55238619091027,52.762051061838626
2021-04-11 23:59:59,206,Uniswap,UNI,30.71073251,29.25380233,29.76993342,29.97910154,447643489.1,15689099387.8,0.6267094757780312,29.285459049500002,31.870628125126192,26.70028997387381,58.237174002312535,0.29903302109261887,0.3701755986296757,-0.07114257753705683,53.95742186684964,50.288204362554374
2021-04-12 23:59:59,207,Uniswap,UNI,38.12841345,29.61003659,29.96845024,36.7548148,2185144995.01,19235064187.86,22.60145538704492,29.568190866,33.73937128990467,25.39701044209533,70.65214509916302,0.830406237084631,0.46222172632066677,0.36818451076396425,87.63416445117599,64.04799083631197
2021-04-13 23:59:59,208,Uniswap,UNI,37.13001266,34.30763795,36.67646513,35.32225973,1201797905.12,18486374482.66,-3.897598390293066,29.954386971499996,34.74231218206759,25.1664617609324,67.73118309890401,1.122983067538943,0.594373994564322,0.5286090729746209,74.73757314318794,72.10971982040452
2021-04-14 23:59:59,209,Uniswap,UNI,36.78420416,33.38737979,35.4036298,36.15106629,1060830033.65,18920565234.2,2.3464143187194697,30.4281152375,35.70080576594931,25.155424709050685,70.82721449435408,1.4055280241907404,0.7566048004896058,0.6489232237011346,80.71284385848979,81.02819381761792
2021-04-15 23:59:59,210,Uniswap,UNI,39.51907279,35.69551216,36.14057726,37.84837046,1267323240.28,19809286775.1,4.695032108830222,30.8722693375,37.04574193848744,24.698796736512566,72.16819987972903,1.746275225736266,0.9545388855389378,0.7917363401973281,85.65034401171565,80.3669203377978
2021-04-16 23:59:59,211,Uniswap,UNI,38.20467451,34.40658211,37.76399365,36.27966064,977289791.58,18988246867.1,-4.144722219039476,31.2795993555,37.75951388309277,24.799684827907228,64.7600036858521,1.8682025891609797,1.1372716262633462,0.7309309628976335,72.17670130575058,79.51329639198535
2021-04-17 23:59:59,212,Uniswap,UNI,37.56063859,34.93328475,36.2343446,35.09549297,653849648.99,18368470725.72,-3.2639987505682533,31.6423677955,38.1238909117797,25.1608446792203,63.057115442915816,1.847976149916402,1.2794125309939575,0.5685636189224446,62.005889670533556,73.27764499599992
2021-04-18 23:59:59,213,Uniswap,UNI,35.46338549,27.69431425,35.15216696,31.74631832,1446701094.61,16615561411.87,-9.543033496816566,31.7735150935,38.145652626122924,25.401377560877073,51.47546313553255,1.5438990399679042,1.3323098327887468,0.2115892071791574,34.26711891234946,56.14990329621119
2021-04-19 23:59:59,214,Uniswap,UNI,32.69434428,29.46617814,31.63400051,31.44609719,847494414.66,16458430038.56,-0.9456880226985652,31.9214391445,38.10702663292284,25.73585165607716,51.40969710785762,1.2641184330285569,1.318671552836709,-0.05455311980815214,31.728199162027014,42.66706924830334
2021-04-20 23:59:59,215,Uniswap,UNI,32.22580185,28.40341206,31.3869687,31.96318937,921466440.08,16729068565.75,1.6443763334943684,32.12027248,38.02244997604956,26.218094983950436,51.38694754807763,1.0717607133691978,1.2692893849432068,-0.197528671574009,36.101161013643804,34.032159696006765
2021-04-21 23:59:59,216,Uniswap,UNI,36.43017655,30.55976272,31.98454636,33.60399021,1456435098.19,17587839868.02,5.13340774916542,32.363500376999994,38.0769694633798,26.65003129062019,61.386436496690074,1.0397293964466954,1.2233773872439047,-0.18364799079720928,49.97713856066609,39.2688329121123
2021-04-22 23:59:59,217,Uniswap,UNI,38.39358333,32.78789603,33.42213773,34.13132198,2169942709.94,17863796137.61,1.569253433013662,32.561284196,38.22954910583768,26.89301928616233,59.35187408518162,1.0448512192971933,1.1876721536545625,-0.1428209343573692,54.43669490776765,46.83833149402585
2021-04-23 23:59:59,218,Uniswap,UNI,34.77540378,29.85457612,34.00407276,32.88169163,1631826790.46,17209759302.21,-3.661242159715506,32.72787451,38.21648319053407,27.23926582946593,57.723873420299995,0.9372712950997482,1.1375919819435998,-0.20032068684385163,43.868780596681816,49.42753802170518
2021-04-24 23:59:59,219,Uniswap,UNI,32.93904931,29.97294746,32.93904931,30.11583815,636577406.21,15762155172.43,-8.411530377216181,32.680388646,38.24545356745031,27.115323724549683,50.67317549423931,0.621665990898336,1.034406783734547,-0.412740792836211,20.478421540775045,39.59463234840817
2021-04-25 23:59:59,220,Uniswap,UNI,34.74232065,30.04205917,30.13408673,33.88875065,1068206314.09,17736838127.64,12.528000984757591,32.835083878999995,38.351251624391274,27.318916133608717,57.08006227660161,0.6682854421263116,0.9611825154129,-0.2928970732865884,52.38530984836496,38.91083732860728
2021-04-26 23:59:59,221,Uniswap,UNI,38.44620393,34.17159503,34.33791952,37.94541273,1159890689.27,19860031140.37,11.970527098791116,33.166217123,39.08085236152423,27.25158188447578,52.391601981383936,1.0208032357422354,0.9731066594787671,0.04769657626346835,86.69182077015164,53.185184053097224
2021-04-27 23:59:59,222,Uniswap,UNI,40.47471877,37.34711236,38.18788239,39.61473184,1159853792.74,20733726460.68,4.399264601173303,33.7172574555,39.886338289477735,27.54817662152226,58.5412178617189,1.4185243621849963,1.062190200020013,0.35633416216498337,93.27105078204515,77.44939380018725
2021-04-28 23:59:59,223,Uniswap,UNI,42.90787137,37.79453578,39.62831618,42.80321249,1657342891.23,22402526993.54,8.04872455751553,34.346296522,41.50171945195937,27.19087359204064,62.10024080477944,1.9683154462961667,1.2434152492752437,0.724900197020923,99.31206831397493,93.09164662205724
2021-04-29 23:59:59,224,Uniswap,UNI,43.89278252,39.65757165,42.84917809,41.03312655,1081575232.75,21476091903.91,-4.135404417165045,34.9198418675,42.296156539259606,27.54352719574039,55.77776668160037,2.2354290646021084,1.4418180123406166,0.7936110522614919,82.34613345944469,91.64308418515492
2021-04-30 23:59:59,225,Uniswap,UNI,41.33313645,39.17109231,41.0403279,40.69766537,1014223949.52,21300516809.39,-0.8175374586463113,35.4651056455,42.85775938484765,28.072451906152363,58.39057289749789,2.3924707048748317,1.6319485508474596,0.7605221540273721,80.27518962445704,87.3111304659589
2021-05-01 23:59:59,226,Uniswap,UNI,41.2510666,39.24566243,40.64195306,40.19977427,747988502.25,21039928450.68,-1.2233898320050065,35.976139282,43.18273790457179,28.769540659428205,59.95339072304377,2.4485265950614377,1.7952641596902552,0.6532624353711824,77.20149715118713,79.94094007836296
2021-05-02 23:59:59,227,Uniswap,UNI,43.23555653,39.33680562,40.32934534,42.32731437,1047562019.37,22153449417.45,5.292418026306511,36.2547642605,43.99896418819831,28.510564332801685,71.66524771765395,2.634259889138555,1.9630633055799152,0.6711965835586398,89.89327452627798,82.45665376730739
2021-05-03 23:59:59,228,Uniswap,UNI,44.9740635,41.33407292,42.55731119,42.31752885,1178971605.82,22148327830.66,-0.0231186885954137,36.6045277165,44.790663167897826,28.418392265102177,72.52787244685062,2.7489767602344344,2.120245996510819,0.6287307637236155,83.96843564286571,83.6877357734436
2021-05-04 23:59:59,229,Uniswap,UNI,44.55617783,39.96811681,42.28967516,43.16450615,1714504137.46,22591622401.48,2.0014810009398643,36.95519970950001,45.644929129128236,28.26547028987178,72.89840049074792,2.875092420947908,2.271215281398237,0.6038771395496711,88.03162233930183,87.29777750281517
2021-05-05 23:59:59,230,Uniswap,UNI,44.89919774,41.57613283,43.08332438,42.49618733,1469755007.97,22241834863.93,-1.5483064202739705,37.187590553,46.21974151583454,28.155439590165457,68.93064486212418,2.887823218818035,2.3945368688821964,0.4932863499358384,83.61137446182383,85.20381081466378
2021-05-06 23:59:59,231,Uniswap,UNI,42.50038819,39.97825926,42.44493848,40.22020652,1165197474.79,21050622368.63,-5.35572942656265,37.384617847,46.50486536335579,28.264370330644216,62.06441237287552,2.6833281016072448,2.4522951154272064,0.23103298618003842,68.5580809684832,80.06702592320295
2021-05-07 23:59:59,232,Uniswap,UNI,41.20637306,38.33505185,40.23377843,39.78305305,993781915.39,20821823127.81,-1.0869001127147837,37.618995851,46.732474392535465,28.505517309464537,64.1291502600459,2.4576592503269126,2.453367942407148,0.00429130791976462,65.39583830857427,72.52176457962709
2021-05-08 23:59:59,233,Uniswap,UNI,41.23284607,39.19058225,39.76074358,40.40708818,743543345.25,21148433285.97,1.5685953745573578,38.052034344,46.806561035668565,29.29750765233143,73.09463909494757,2.3026262376106743,2.4232196014478533,-0.120593363837179,69.41485403386568,67.78959110364104
2021-05-09 23:59:59,234,Uniswap,UNI,40.69757263,38.23710378,40.4744505,39.43003307,663372003.89,20637058034.89,-2.4180289993863235,38.451231138000004,46.64778454430395,30.254677731696056,64.2195395541593,2.0769791534870023,2.353971511855683,-0.27699235836868086,48.678115141955146,61.16293582813171
2021-05-10 23:59:59,235,Uniswap,UNI,41.13354098,33.60327066,39.42240594,36.38795258,952681487.47,19044881037.52,-7.715135527782612,38.672469298500005,46.35436973123597,30.99056886576404,45.78384878324796,1.6338477618404,2.2099467618526267,-0.5760990000122268,24.48977797048668,47.5275823821025
2021-05-11 23:59:59,236,Uniswap,UNI,38.50988458,35.49631345,36.35159457,38.4899796,705090607.75,20145048858.4,5.776711441454774,38.916768768000004,46.221493271343036,31.612044264656973,47.02491716095063,1.43572876699659,2.0551031628814194,-0.6193743958848295,42.97597369648323,38.71462226964169
2021-05-12 23:59:59,237,Uniswap,UNI,43.99577042,36.03806779,38.51666473,36.03806779,1851746863.31,20165651659.01,-6.370260092317636,39.0121060585,46.100419416074104,31.923792700925897,31.37996376566157,1.0685516463982054,1.8577928595847768,-0.7892412131865714,21.41272965096073,29.626160439310212
2021-05-13 23:59:59,238,Uniswap,UNI,40.2726731,34.47757652,36.96122735,37.36915995,1409570978.25,20910665137.05,3.693572496051956,39.2364794745,45.77012207852147,32.702836870478535,39.665756970836796,0.8748840273949341,1.6612110931468085,-0.7863270657518744,33.11896842190642,32.502557256450125
2021-05-14 23:59:59,239,Uniswap,UNI,40.82982521,37.16485165,37.33851455,40.32621293,804342781.61,22565343610.55,7.913083901154172,39.74699821349999,44.67936478848432,34.814631638515664,49.087291188277,0.9490702157268984,1.5187829176628265,-0.569712701935928,59.12465704546243,37.88545170610986
2021-05-15 23:59:59,240,Uniswap,UNI,42.366779,36.57718291,40.4003646,36.57718291,1049908753.23,20468517877.81,-9.296756991557151,39.8814198265,44.25662319103245,35.50621646196755,42.32503155416164,0.6973097609359655,1.3544882863174543,-0.6571785253814888,26.153956824702806,39.46586076402389
2021-05-16 23:59:59,241,Uniswap,UNI,39.37513488,34.54366226,36.55338936,36.56150503,822738819.26,20459744565.42,-0.0428624589230208,39.8122244415,44.356842358090816,35.26760652490918,36.58376433667119,0.4908643342942298,1.1817634959128094,-0.6908991616185796,26.016078312442456,37.0982307275359
2021-05-17 23:59:59,242,Uniswap,UNI,36.56296493,32.01305893,36.56296493,33.28563801,974771404.15,18627184853.91,-8.959880117932883,39.49576975,44.89867009629134,34.09286940370866,31.756895918717106,0.062202721121430216,0.9578513409545336,-0.8956486198331034,9.875565510845215,20.681866882663492
2021-05-18 23:59:59,243,Uniswap,UNI,36.57753013,33.03280898,33.24620951,35.07203032,842688704.16,19626879067.07,5.366856148178134,39.1092106415,44.62093139488513,33.597489888114865,34.2520078958125,-0.13184790516634592,0.7399114917303578,-0.8717593968967037,23.738463748552498,19.876702523946722
2021-05-19 23:59:59,244,Uniswap,UNI,35.48547139,16.66670173,35.07121417,23.42795801,2241014905.32,13232347121.75,-33.20045119646213,38.228952214500005,47.0667144414383,29.39118998756171,23.999827527173053,-1.2112511965864883,0.3496789540669885,-1.5609301506534767,24.74016351122136,19.45139759020636
2021-05-20 23:59:59,245,Uniswap,UNI,28.44624604,20.10540471,23.16284247,26.39457361,1338078606.96,14907921549.92,12.66271520007729,37.5137976265,47.71939718567154,27.308198067328465,31.496775319570517,-1.8064810072822013,-0.08155303820284943,-1.724927969079352,35.59532887982945,28.024652046534438
2021-05-21 23:59:59,246,Uniswap,UNI,27.95084661,18.89556736,26.35551006,21.90126016,1076267673.82,12370229171.06,-17.023625827005727,36.598871921,48.86373676589666,24.334007076103337,28.412091362374923,-2.6106834303938555,-0.5873791166410507,-2.0233043137528046,19.153811969872873,26.49643478697456
2021-05-22 23:59:59,247,Uniswap,UNI,22.36153424,18.51425438,21.96459158,20.38345517,791748160.43,11529596762.74,-6.930217617213119,35.501678960999996,49.4230813449074,21.580276577092594,26.336993320926595,-3.3320836365309816,-1.136320020619037,-2.195763615911945,13.600000359177997,22.783047069626775
2021-05-23 23:59:59,248,Uniswap,UNI,21.30185318,13.09218542,20.38058675,16.83633451,1320921898.99,9523322177.03,-17.401959728695005,34.227619243999996,50.055978676926564,18.399259811073428,24.828800123650467,-4.1422719573902,-1.7375104079732697,-2.4047615494169303,12.115581703546695,14.956464677532523
2021-05-24 23:59:59,249,Uniswap,UNI,25.12926214,16.5741662,16.73633431,24.62764998,1526035441.99,13930831717.66,46.276791812210206,33.3007764355,49.09658721638241,17.504965654617585,38.151853746067665,-4.108300069204226,-2.211668340219461,-1.8966317289847652,37.327269829697755,21.014283964140816
2021-05-25 23:59:59,250,Uniswap,UNI,26.65927413,21.62414917,24.65716391,25.1950171,1386905998.83,14251999516.2,2.3037809959974176,32.435717924,48.004529594102564,16.86690625389744,36.17833066281849,-3.989605627927986,-2.5672557977611663,-1.4223498301668198,39.16319637349518,29.535349302246544
2021-05-26 23:59:59,251,Uniswap,UNI,29.36829573,24.61406103,25.16354013,29.36829573,1071924819.96,16612979708.58,16.563904733368883,31.893122384500003,47.07111980955482,16.715124959445184,43.305592601104955,-3.5182347005699306,-2.7574515783229194,-0.7607831222470112,55.59807436957763,44.029513524256856
2021-05-27 23:59:59,252,Uniswap,UNI,29.90450295,26.21504131,29.45165797,28.37033434,999766482.32,16048671759.85,-3.398090918093599,31.322486449000003,46.104492936251965,16.54047996174804,40.9071304464396,-3.188442606821372,-2.8436497840226105,-0.34479282279876156,52.18910683849022,48.983459193854344
2021-05-28 23:59:59,253,Uniswap,UNI,29.40248359,24.97636657,28.47448015,25.92494516,1076488583.88,14665351852.26,-8.61952894419079,30.598379298000005,44.918247645171135,16.278510950828874,35.296188375289645,-3.088796740245474,-2.892679175267183,-0.19611756497829091,43.83582544000599,50.541002216024616
2021-05-29 23:59:59,254,Uniswap,UNI,27.53237109,21.85444451,25.89754696,23.17946491,817413607.24,13112600565.13,-10.590110154740252,29.78585089,43.83738479468056,15.734316985319436,36.034633496183254,-3.1945393235236708,-2.9530512049184807,-0.24148811860519004,38.37955669835238,44.8014963256162
2021-05-30 23:59:59,255,Uniswap,UNI,26.55674708,21.78026391,23.17567755,25.74251926,782067311.97,14562759375.84,11.057435363377422,29.253579224,43.05640994450511,15.450748503494886,39.291320637336945,-3.036520894200052,-2.969745142774795,-0.06677575142525694,53.864799500317844,45.360060546225405
2021-05-31 23:59:59,256,Uniswap,UNI,28.40470661,23.46397001,25.71764333,28.36971009,1058080596.98,16049165497.74,10.205647720276769,28.7475657485,41.84887372267516,15.646257774324846,45.070897233030536,-2.6685365783003476,-2.909503429879906,0.24096685157955822,65.05131118426749,52.43188912764591
2021-06-01 23:59:59,257,Uniswap,UNI,28.72455063,26.01188618,28.27464797,27.3952343,753430864.13,15498319588.84,-3.43491627834257,28.315424074,40.966637764934944,15.664210383065058,42.175228157869,-2.4275550652928857,-2.813113756962502,0.3855586916696163,63.87204137508721,60.92938401989085
2021-06-02 23:59:59,258,Uniswap,UNI,28.79910161,26.37642189,27.41344505,27.63148036,558113727.22,15632142981.9,0.862361888980101,27.8285400945,39.74057967245154,15.91650051654846,55.58286912028954,-2.1922416008534995,-2.6889393257407015,0.496697724887202,86.48001629790774,71.80112295242081
2021-06-03 23:59:59,259,Uniswap,UNI,29.35779181,26.95254514,27.64218789,28.63080951,541834896.19,16174756432.64,3.6166326848222408,27.243769923500004,37.62210717660129,16.865432670398715,53.133797731027414,-1.9031778250009523,-2.531787025592752,0.6286092005917996,92.4240460143153,80.92536789577008
2021-06-04 23:59:59,260,Uniswap,UNI,28.67793388,25.14802557,28.67793388,26.44299507,603761573.06,14939106880.87,-7.641469023905357,26.7370605315,36.14048100538673,17.333640057613266,56.804336122025184,-1.829541228592248,-2.3913378661926514,0.5617966376004033,79.4108820879497,86.10498146672425
2021-06-05 23:59:59,261,Uniswap,UNI,27.68156886,25.23197399,26.46143462,25.60755124,448910760.54,14467273503.29,-3.159414536017602,26.189362842,34.38142742651601,17.99729825748399,57.989999417936794,-1.8176443576897903,-2.2765991644920796,0.4589548068022893,74.44164552369122,82.09219120865207
2021-06-06 23:59:59,262,Uniswap,UNI,26.43600624,25.4151257,25.64622582,25.91248083,333386144.48,14639766964.58,1.1907799661987628,25.820704983000002,33.300833046831016,18.340576919168992,65.40979529572192,-1.763284684046102,-2.1739362684028842,0.4106515843567822,70.05310372222966,74.63521044462352
2021-06-07 23:59:59,263,Uniswap,UNI,27.34189207,24.01136684,25.90322503,24.19516632,479599703.89,13669613801.54,-6.627364324035668,25.276861783,31.379726463647458,19.173997102352544,49.074912150167656,-1.8375945338802921,-2.106667921498366,0.26907338761807376,31.049605105157703,58.51478478369287
2021-06-08 23:59:59,264,Uniswap,UNI,24.61929926,20.73909851,24.27717563,23.5302181,583658978.51,13532527082.56,-2.748268853396329,25.281974787499998,31.378485322848064,19.18546425215193,46.453778388968466,-1.9279175558998958,-2.070917848378672,0.1430002924787761,30.452770614451985,43.85182648061311
2021-06-09 23:59:59,265,Uniswap,UNI,25.2274175,22.26832903,23.43911352,25.12730308,697734987.65,14451165013.82,6.787378566627056,25.218611261,31.29273397138048,19.14448855061952,39.85246415356173,-1.8493100954776516,-2.0265962977984677,0.17728620232081616,47.87791524887689,36.46009698949552
2021-06-10 23:59:59,266,Uniswap,UNI,25.24600735,23.19041536,25.11921924,23.5971588,399429440.51,13571246337.08,-6.08956828804248,25.303406193,31.228048362514123,19.37876402348588,38.86273283152419,-1.88871108648042,-1.9990192555348583,0.1103081690544383,32.99011025837949,37.10693204056945
2021-06-11 23:59:59,267,Uniswap,UNI,23.86350103,21.4559588,23.60892195,21.85097044,390923862.05,12567169058.45,-7.399994104374963,25.3767819565,31.076962793543103,19.676601119456897,40.17355388683596,-2.037354112861731,-2.006686227000233,-0.030667885861498156,12.900701896423207,31.25624246789319
2021-06-12 23:59:59,268,Uniswap,UNI,21.90921711,20.31240341,21.87485114,21.32251526,379030853.99,12263500330.4,-2.418451763737784,25.601090993999996,30.116068115934368,21.086113872065624,44.98463833554594,-2.172750582501088,-2.039899098100404,-0.13285148440068406,11.167147338858308,19.01931983122033
2021-06-13 23:59:59,269,Uniswap,UNI,23.60087708,20.51679109,21.30859138,23.27432047,408171936.66,13386217336.0,9.15372875198026,25.5334245185,30.14926762630854,20.917581410691458,43.10611777000136,-2.0983701863210804,-2.0515933157445394,-0.04677687057654101,32.74505116883647,18.937633468039323
2021-06-14 23:59:59,270,Uniswap,UNI,24.22007227,22.60933375,23.26169695,23.40723795,418305188.67,13462664780.19,0.5710907013217748,25.444035561,30.155720433610966,20.732350688389033,33.895499216261186,-2.0055787927746778,-2.042390411150567,0.03681161837588931,34.21450139167046,26.042233299788407
2021-06-15 23:59:59,271,Uniswap,UNI,24.68617772,23.19610751,24.10638443,24.18085206,405740380.2,13907887559.04,3.305020915549761,25.1846633775,29.544774776390355,20.824551978609648,39.43070998361633,-1.8483105777423212,-2.003574444468918,0.15526386672659687,42.767081731946405,36.575544764151104
2021-06-16 23:59:59,272,Uniswap,UNI,23.56577196,21.70048067,23.45809424,21.832226,344163560.64,12557267750.66,-9.712751453804646,24.857757960500003,29.19251851496152,20.522997406038485,33.257165119562615,-1.8913861567597898,-1.9811367869270926,0.08975063016730278,16.802181650928304,31.261254924848384
2021-06-17 23:59:59,273,Uniswap,UNI,22.9196664,21.49807985,21.85268748,22.15489122,247003560.48,12742855496.02,1.4779309265120275,24.6692552635,29.134539902722132,20.203970624277865,30.543392697443082,-1.8778408959129678,-1.9604776087242677,0.08263671281129992,22.024757624246607,27.198007002373767
2021-06-18 23:59:59,274,Uniswap,UNI,22.26138263,19.64600727,22.18653369,20.39336123,330277776.38,11729674168.28,-7.950975576940788,24.5299500795,29.350625258714523,19.70927490028548,31.3463305809791,-1.9863495266920879,-1.965651992317832,-0.02069753437425592,9.30058156644658,16.04250694720716
2021-06-19 23:59:59,275,Uniswap,UNI,20.97942411,19.86441477,20.42141522,19.91080622,268928418.94,11452122423.17,-2.366235779171744,24.2383644275,29.440601613250262,19.036127241749735,32.0436718329706,-2.0872213661151413,-1.989965867077294,-0.09725549903784736,3.440786301790834,11.58870849749467
2021-06-20 23:59:59,276,Uniswap,UNI,21.05272602,18.68423401,19.8438913,20.80651277,368331090.48,11967307035.92,4.498595085016111,23.860204561499998,28.894822236437726,18.82558688656227,34.48369361409186,-2.0710136367045315,-2.006175421002742,-0.06483821570178971,24.513312321785097,12.418226730007499
2021-06-21 23:59:59,277,Uniswap,UNI,20.87956259,15.78539519,20.74150614,15.85063849,566312286.43,9116830854.33,-23.81886063649099,23.282974771,29.183784004738214,17.382165537261784,28.812514908473588,-2.4300543766055718,-2.090951212123308,-0.33910316448226396,0.6896308494269842,9.5479098243343
2021-06-22 23:59:59,278,Uniswap,UNI,17.10345583,13.99998347,15.80281181,16.3802756,706248217.2,9421462865.16,3.341424450088515,22.720414533,29.00826639984016,16.43256266615984,31.720063856528483,-2.6414109204413663,-2.2010431537869195,-0.44036776665444677,21.16563289744678,15.456192022886283
2021-06-23 23:59:59,279,Uniswap,UNI,18.48822442,15.83635786,16.40379351,17.8716959,511611141.89,10279845500.49,9.104976841781577,22.182458852499998,28.175270555936297,16.1896471490637,31.349145857788557,-2.6579284061196518,-2.292420204253466,-0.3655082018661857,34.42738937168253,18.760884372852093
2021-06-24 23:59:59,280,Uniswap,UNI,18.55271447,16.65882388,17.8145182,18.0547136,366440877.44,10384060768.91,1.024064537714087,21.763044779,27.67393501819167,15.85215453980833,34.69277133554972,-2.625979971182474,-2.3591321576392676,-0.2668478135432064,37.94363114819852,31.178884472442604
2021-06-25 23:59:59,281,Uniswap,UNI,18.33786033,15.73205304,18.06206469,15.90518993,370292097.71,9148938768.41,-11.905609347356238,21.2779267135,27.447220863992953,15.108632563007047,33.93670300097948,-2.742495422087167,-2.4358048105288477,-0.3066906115583192,17.82867141873264,30.06656397953789
2021-06-26 23:59:59,282,Uniswap,UNI,16.4516957,15.1365024,15.86692643,16.10042424,284658409.4,9261318436.36,1.2274880769059582,20.787323884,26.96537537849104,14.609272389508961,35.633172311385295,-2.7869547002365707,-2.506034788470392,-0.2809199117661785,19.655648408225396,25.142650325052177
2021-06-27 23:59:59,283,Uniswap,UNI,17.09566736,15.66884023,16.15028205,17.09566736,255240542.43,9833906939.68,6.181471402023142,20.432348936,26.60178659397356,14.26291127802644,32.057122646851695,-2.710634686932128,-2.546954768162739,-0.1636799187693887,28.969002598843833,22.151107475267285
2021-06-28 23:59:59,284,Uniswap,UNI,18.13493077,16.88133786,17.09621155,17.6838602,306684345.91,10172315635.89,3.440595956939596,20.140031041,26.2451232514182,14.034938830581801,33.80741956991615,-2.5730280147769946,-2.5521694174855902,-0.02085859729140438,34.473233817549236,27.69929494153948
2021-06-29 23:59:59,285,Uniswap,UNI,19.18585324,17.68159997,17.7352494,18.55432976,383182156.87,10673136671.32,4.9223956203861,19.811382375,25.477980426414874,14.144784323585128,34.16820864955139,-2.3664550957406156,-2.5150265531365954,0.14857145739597977,47.610777666274764,37.017671360889274
2021-06-30 23:59:59,286,Uniswap,UNI,19.28543292,17.19900074,18.64437326,19.27835826,397542621.05,11089771197.49,3.90220778311745,19.595442348,24.97656908726762,14.214315608732377,42.0908881609426,-2.119884807655243,-2.435998204040325,0.3161133963850822,59.176708762225026,47.086906748683
2021-07-01 23:59:59,287,Uniswap,UNI,19.27789801,17.58957919,19.27789801,17.87039878,364624991.39,10279957542.38,-7.303316293905215,19.396413765,24.72043311082603,14.07239441917397,37.567049154879314,-2.01486058254385,-2.3517706797410303,0.3369100971971801,46.84939239759478,51.21229294203152
2021-07-02 23:59:59,288,Uniswap,UNI,18.24357111,16.98381751,17.83307192,18.24172609,307045716.47,10493637024.79,2.077890452089859,19.2423743065,24.509721347462992,13.975027265537006,43.208303766189616,-1.8799937195358467,-2.2574152876999936,0.37742156816414685,60.14316544136435,55.38975553372804
2021-07-03 23:59:59,289,Uniswap,UNI,19.52475708,17.84998651,18.22733883,19.52475708,344855378.82,11466088852.75,7.033495534741907,19.054896137,23.973361385896204,14.136430888103794,48.840042981165055,-1.6505543180391378,-2.1360430937678228,0.485488775728685,78.33510965177652,61.77588916357854
2021-07-04 23:59:59,290,Uniswap,UNI,21.48141121,18.94737104,19.47993593,20.77187449,540490915.07,12198611170.77,6.387364538724372,18.923127964,23.47843846357982,14.367817464420177,49.898075200412016,-1.3524992178575097,-1.9793343185857604,0.6268351007282507,90.51602522060846,76.33143343791643
2021-07-05 23:59:59,291,Uniswap,UNI,20.86778456,19.18090837,20.76741877,20.09518102,545274387.3,11801301166.91,-3.2577390659941363,18.718844412,22.597584457157915,14.840104366842084,66.69384618104203,-1.1575484136940446,-1.8149771376074173,0.6574287239133727,81.47104753029396,83.44072746755963
2021-07-06 23:59:59,292,Uniswap,UNI,23.18855836,20.07554379,20.08839022,22.40018588,815123868.59,13155007434.09,11.470435910509648,18.747242405999998,22.72891004856636,14.765574763433637,70.77512695600113,-0.8077427131819981,-1.6135302527223336,0.8057875395403356,90.2090536390162,87.39870879663954
