Date,SNo,Name,Symbol,High,Low,Open,Close,Volume,Marketcap,Daily_Returns_%,MA_20,BB_upper,BB_lower,RSI_14,MACD,MACD_Signal,MACD_Hist,Stoch_%K,Stoch_%D,Close_t+1,Close_t+7,Close_t+30,Close_t+90
2020-05-01 23:59:59,21,Solana,SOL,0.737071288473,0.685902703146,0.691045421015,0.728793969447,4164272.07175221,0.0,5.462527828714259,0.66832375166245,0.8209576888646896,0.5156898144602103,54.64660841214555,-0.0337002868321705,-0.0508417347698993,0.0171414479377287,75.35733020794532,75.31283025017127,0.715876411879,0.604922121097,0.570022020054,1.68680710334
2020-05-02 23:59:59,22,Solana,SOL,0.748980798928,0.707903537269,0.727267603533,0.715876411879,3441355.73678965,0.0,-1.7724567037515015,0.65999222584345,0.7775640181461693,0.5424204335407307,52.398705874233166,-0.0281773677530369,-0.0463088613665268,0.0181314936134899,70.93755774597629,69.5788214128374,0.679534571126,0.604527391264,0.577495156711,1.53817765536
2020-05-03 23:59:59,23,Solana,SOL,0.729800516197,0.656615622562,0.714795753656,0.679534571126,3328343.6073183,0.0,-5.076552341990359,0.6550773761479,0.7593770744741765,0.5507776778216235,55.27985987089117,-0.0264282490160286,-0.0423327388964272,0.0159044898803985,58.503112137212455,68.26600003037801,0.667490770432,0.53703391162,0.56466943316,1.52660964025
2020-05-04 23:59:59,24,Solana,SOL,0.70581247046,0.618433606439,0.679625171586,0.667490770432,3443697.81828111,0.0,-1.7723602603533783,0.6553556734346999,0.7597619491136528,0.550949397755747,60.19515680246809,-0.0257174392459165,-0.039009678966325,0.0132922397204085,54.38229762838839,61.27432250385905,0.641837362998,0.515272785293,0.586620621665,1.74281034979
2020-05-05 23:59:59,25,Solana,SOL,0.686214207407,0.626498811322,0.673440456927,0.641837362998,2847469.34149937,0.0,-3.843260247238645,0.6551149964851499,0.7596278993085464,0.5506020936617535,54.45629721563593,-0.0269138864379036,-0.0365905204606407,0.0096766340227371,33.70040084122229,48.86193686894105,0.622583598868,0.538575650335,0.587299493452,1.80261098364
2020-05-06 23:59:59,26,Solana,SOL,0.673890820131,0.622583598868,0.64245418812,0.622583598868,2677562.97435084,0.0,-2.9997886131256646,0.6517033826565,0.7557630360574104,0.5476437292555896,43.40425401345303,-0.0290804756905669,-0.035088511506626,0.006008035816059,25.67093839452016,37.91787895471028,0.612977957268,0.550531657365,0.66115464236,1.87163885812
2020-05-07 23:59:59,27,Solana,SOL,0.632267767367,0.573375617006,0.622583598868,0.612977957268,3355830.23580211,0.0,-1.5428677558267268,0.6493158819789999,0.7546865726541416,0.5439451913038582,48.45524506968297,-0.0312128064783736,-0.0343133705009755,0.0031005640226018,21.66506515420641,27.01213479664962,0.604922121097,0.569117610116,0.622442695244,1.75454981586
2020-05-08 23:59:59,28,Solana,SOL,0.63661836817,0.589851786122,0.612977957268,0.604922121097,2488194.57299153,0.0,-1.3142130276436403,0.6455071713059001,0.7515457441810808,0.5394685984307194,46.88036515067584,-0.0331703653203147,-0.0340847694648433,0.0009144041445286,18.305512519454748,21.88050535606044,0.604527391264,0.559752024505,0.616577854377,2.20634832732
2020-05-09 23:59:59,29,Solana,SOL,0.625429237134,0.588447830009,0.604041500539,0.604527391264,2128502.76121917,0.0,-0.0652530002183127,0.6453850821029,0.7516159301107179,0.5391542340950821,45.793703537214384,-0.0343575438262307,-0.0341393243371208,-0.0002182194891099,18.140897000677903,19.37049155811302,0.53703391162,0.599120273328,0.668313065708,2.08590263527
2020-05-10 23:59:59,30,Solana,SOL,0.612303182662,0.513080872906,0.604460730044,0.53703391162,2327580.79632425,0.0,-11.164668569091395,0.645296171205,0.7519048910096845,0.5386874514003156,40.547975411235534,-0.0402802257175528,-0.0353675046132072,-0.0049127211043455,8.324669655800973,14.923693058644544,0.515272785293,0.612988807183,0.658002498205,2.47362485486
2020-05-11 23:59:59,31,Solana,SOL,0.571860148065,0.505193636791,0.536255006521,0.515272785293,2098480.82876321,0.0,-4.052095380970644,0.6416768526824501,0.7607149331961076,0.5226387721687926,44.04638662509117,-0.0461973999466108,-0.0375334836798879,-0.0086639162667228,3.4094620079514333,9.958342888143438,0.538575650335,0.652670169702,0.644866658992,2.6652275038
2020-05-12 23:59:59,32,Solana,SOL,0.55975856915,0.505251193842,0.513390527877,0.538575650335,2198624.8775544,0.0,4.522432720515068,0.63402558940505,0.7590724573790614,0.5089787214310387,35.17609627479942,-0.0484479785563786,-0.0397163826551861,-0.0087315959011924,11.292095448797488,7.675409037516631,0.550531657365,0.624454265112,0.573741595726,3.13179330211
2020-05-13 23:59:59,33,Solana,SOL,0.5648742321,0.518038300363,0.538371569664,0.550531657365,2326445.52977927,0.0,2.219930853272567,0.6301793132837,0.7606897541127786,0.4996688724546214,21.389503070467967,-0.0487053831336453,-0.0415141827508779,-0.0071912003827673,15.336440239182968,10.012665898643965,0.569117610116,0.579155667218,0.593868974009,3.30341929739
2020-05-14 23:59:59,34,Solana,SOL,0.580945682126,0.550109683982,0.550531657365,0.569117610116,2047896.7931676,0.0,3.376000726272066,0.62692308276005,0.7602265321323733,0.4936196333877267,30.019338976416307,-0.0468693661797587,-0.0425852194366541,-0.0042841467431046,26.22122213682316,17.616585941601205,0.559752024505,0.608915324064,0.608943286609,3.76975091301
2020-05-15 23:59:59,35,Solana,SOL,0.574619594633,0.54709314207,0.56919335721,0.559752024505,1850070.45437919,0.0,-1.6456327206411991,0.622744218913,0.759087535321208,0.486400902504792,19.45741862369006,-0.0456438797697021,-0.0431969515032637,-0.0024469282664384,22.379516310764544,21.312392895590225,0.599120273328,0.638875070548,0.587076584953,3.75597115712
2020-05-16 23:59:59,36,Solana,SOL,0.606534222021,0.554360781043,0.558980888499,0.599120273328,2300409.14570367,0.0,7.033158809530726,0.6209249154005501,0.7575220151133853,0.4843278156877147,30.744894407936982,-0.0410230955848349,-0.0427621803195779,0.001739084734743,41.81823672783322,30.13965839180697,0.612988807183,0.613031410499,0.570639136151,3.40938766083
2020-05-17 23:59:59,37,Solana,SOL,0.640195873474,0.589175125186,0.595228279888,0.612988807183,2936428.44886882,0.0,2.3148163185937376,0.6229557610066,0.7577087480368145,0.4882027739763855,38.14684086823626,-0.0358290016215363,-0.0413755445799696,0.0055465429584333,53.73133141121271,39.30969481660349,0.652670169702,0.549053085284,0.58557626277,3.18379488714
2020-05-18 23:59:59,38,Solana,SOL,0.674393485511,0.609649042534,0.612682412645,0.652670169702,3314358.53130945,0.0,6.47342366679684,0.62252464373305,0.7568155830452806,0.4882337044208195,47.59676228359978,-0.0281857822570767,-0.038737592115391,0.0105518098583142,81.46948847257961,59.00635220387519,0.624454265112,0.600857275438,0.581561970806,3.38565277366
2020-05-19 23:59:59,39,Solana,SOL,0.65448036891,0.61124810944,0.650974360151,0.624454265112,2380263.04324887,0.0,-4.323149103456492,0.61645533649765,0.7376094213197796,0.4953012516755204,47.20447208579743,-0.0241271408732173,-0.0358155018669563,0.011688360993739,70.48506793783142,68.56196260720792,0.579155667218,0.573306660293,0.620956096312,3.09860770861
2020-05-20 23:59:59,40,Solana,SOL,0.626655820897,0.575282652404,0.622475105037,0.579155667218,2302926.39702093,0.0,-7.254109776298079,0.6108608488078,0.7277716128415123,0.4939500847740878,43.5558046221303,-0.02428590382757,-0.033509582259079,0.009223678431509,43.712823023498046,65.22245981130303,0.608915324064,0.590984626967,0.684331738563,3.32997591802
2020-05-21 23:59:59,41,Solana,SOL,0.613789325099,0.543345618393,0.579691536981,0.608915324064,2863016.80167901,0.0,5.1384556053732044,0.60486691653865,0.7077727208758722,0.5019611122014278,49.431175654105886,-0.021759538600928,-0.0311595735274488,0.0094000349265208,61.30128842174295,58.49972646102415,0.638875070548,0.57515546338,0.643591290368,2.89904061061
2020-05-22 23:59:59,42,Solana,SOL,0.676431960943,0.582829718276,0.605238714933,0.638875070548,3411419.38179332,0.0,4.92018270849941,0.6010168494721,0.6914399576561971,0.5105937412880028,54.47914150660248,-0.0171422693892977,-0.0283561126998186,0.0112138433105209,78.06747374982334,61.02719506502145,0.613031410499,0.579415408223,0.67314920063,3.20826704334
2020-05-23 23:59:59,43,Solana,SOL,0.638848874061,0.58824731869,0.637414621895,0.613031410499,2638523.84936932,0.0,-4.045182108425727,0.59769169144075,0.6805305221387762,0.5148528607427237,51.05127873456341,-0.0153909997899144,-0.0257630901178378,0.0103720903279233,62.97525641063716,67.44800619406782,0.549053085284,0.587932797998,0.726847851963,2.94366836633
2020-05-24 23:59:59,44,Solana,SOL,0.613288867401,0.548431875411,0.613288867401,0.549053085284,2786816.20172933,0.0,-10.436386149108156,0.59176980718335,0.6704272519836205,0.5131123623830796,51.49885351931804,-0.0189472105221936,-0.0243999141987089,0.0054527036765153,25.613103089042173,55.5519444165009,0.600857275438,0.570022020054,0.708296754877,3.02088644284
2020-05-25 23:59:59,45,Solana,SOL,0.650137993099,0.538063657924,0.548570201373,0.600857275438,4509580.33947343,0.0,9.435187879365811,0.58972080280535,0.6649468806774843,0.5144947249332157,59.92885691464357,-0.0173849648953445,-0.022996924338036,0.0056119594426915,55.85094821989588,48.14643590652508,0.573306660293,0.577495156711,0.736993876923,3.32243106353
2020-05-26 23:59:59,46,Solana,SOL,0.612353062014,0.566463215148,0.59910434994,0.573306660293,2689697.32362274,0.0,-4.585217866408753,0.5872569558765999,0.6611674609880773,0.5133464507651224,53.9899019243436,-0.0181606338899176,-0.0220296662484124,0.0038690323584947,34.89303784483572,38.78569638459126,0.590984626967,0.56466943316,0.713193588341,3.34498605269
2020-05-27 23:59:59,47,Solana,SOL,0.611086848399,0.571443419824,0.573306660293,0.590984626967,2536915.55918301,0.0,3.083509733685164,0.5861572893615501,0.6591046581723731,0.5132099205507271,54.586937736069,-0.0171511848046638,-0.0210539699596626,0.0039027851549988,38.24645376747392,42.99681327740185,0.57515546338,0.586620621665,0.741144336305,3.26484998089
2020-05-28 23:59:59,48,Solana,SOL,0.592397679833,0.566947776295,0.590883626945,0.57515546338,2662787.87087333,0.0,-2.6784391445572986,0.5846689564756999,0.6572178612115902,0.5121200517398097,50.68893562350518,-0.0174275760946139,-0.0203286911866529,0.0029011150920389,26.80657682916496,33.315356147158205,0.579415408223,0.587299493452,0.713548036244,3.55837531339
2020-05-29 23:59:59,49,Solana,SOL,0.593405202433,0.56685841658,0.574698779564,0.579415408223,2066857.45404741,0.0,0.7406597197157305,0.58341335732365,0.6553820548315641,0.5114446598157358,52.27009571792147,-0.017105692461434,-0.0196840914416091,0.0025783989801751,29.88527675541541,31.646102450684765,0.587932797998,0.66115464236,0.798495268854,3.44506033395
2020-05-30 23:59:59,50,Solana,SOL,0.602489267522,0.567050101707,0.581355069208,0.587932797998,2449094.83912943,0.0,1.469997113318389,0.58595830164255,0.654541606774165,0.5173749965109351,48.60937069110111,-0.015979117866932,-0.0189430967266737,0.0029639788597416,36.04086990006105,30.91090782821381,0.570022020054,0.622442695244,0.852454240319,4.0113925268
2020-05-31 23:59:59,51,Solana,SOL,0.593997496664,0.569244662492,0.587902737594,0.570022020054,1892967.09044357,0.0,-3.046398840988096,0.5886957633805999,0.6493068274949628,0.528084699266237,44.71226556340702,-0.0163431557514797,-0.0184231085316349,0.0020799527801552,23.096591800805484,29.674246152093986,0.577495156711,0.616577854377,0.860093981011,3.96880938889
2020-06-01 23:59:59,52,Solana,SOL,0.58783888873,0.567347938128,0.573472359794,0.577495156711,2159877.15931313,0.0,1.3110259593641649,0.5906417386994,0.646813976928363,0.534469500470437,39.95198905221081,-0.0158459761755499,-0.0179076820604179,0.0020617058848679,28.4974939539336,29.211651884933374,0.56466943316,0.668313065708,0.832641570072,4.43582255875
2020-06-02 23:59:59,53,Solana,SOL,0.589724657245,0.552294366376,0.577142178709,0.56466943316,1295757.46418593,9741011.2562594,-2.2209231370954208,0.5913486274891501,0.6457226147808733,0.5369746401974268,41.66619976033338,-0.0162990017349378,-0.0175859459953219,0.0012869442603841,19.22822977192008,23.607438508886396,0.586620621665,0.658002498205,0.78021901831,4.78204551788
2020-06-03 23:59:59,54,Solana,SOL,0.59102516796,0.564461229977,0.56466943316,0.586620621665,877446.184522142,10119647.9354345,3.8874405476770457,0.5922237780666,0.6456463003847659,0.5388012557484341,51.113037719960296,-0.0147171007199861,-0.0170121769402547,0.0022950762202686,35.09254842442664,27.60609071676011,0.587299493452,0.644866658992,0.768093046309,4.34451591286
2020-06-04 23:59:59,55,Solana,SOL,0.591640038944,0.564517551613,0.586867254127,0.587299493452,901641.251808101,10131321.1400611,0.1157258647118908,0.59360115151395,0.6448759090848762,0.5423263939430237,46.47100810096017,-0.0132558483210467,-0.0162609112164131,0.0030050628953663,35.583175086883344,29.96798442774336,0.66115464236,0.573741595726,0.7803716825,4.16447184085
2020-06-05 23:59:59,56,Solana,SOL,0.698279296472,0.577925164457,0.587299493452,0.66115464236,4322091.65471632,11405328.7385824,12.575380999206695,0.59670286996555,0.6562252300305773,0.5371805099005227,53.18137705358048,-0.0060683498241337,-0.0142223989379572,0.0081540491138235,76.82832060062748,49.16801470397916,0.622442695244,0.593868974009,0.691663563023,3.52733985495
2020-06-06 23:59:59,57,Solana,SOL,0.66161878907,0.611780567274,0.661071494785,0.622442695244,1604055.15722887,10737481.2006963,-5.855203100112439,0.5971755643686001,0.6573886368362383,0.5369624919009619,51.296233119295856,-0.0034560963577529,-0.0120691384219163,0.0086130420641634,52.6659183115388,55.02580466634988,0.616577854377,0.608943286609,0.707908010158,3.54579448415
2020-06-07 23:59:59,58,Solana,SOL,0.624443861894,0.593397963425,0.622442695244,0.616577854377,716785.469365787,10636269.8312904,-0.942229848918219,0.5953709486023501,0.6505325901777691,0.540209307026931,61.07286880726557,-0.0018379238665572,-0.0100228955108445,0.0081849716442873,49.00532629932837,59.49985507049822,0.668313065708,0.587076584953,0.753047992993,2.59791636472
2020-06-08 23:59:59,59,Solana,SOL,0.679001399937,0.613310186531,0.615077959978,0.668313065708,1440233.8242528,11528696.0984937,8.39070215768194,0.5975638886321499,0.6605289838254296,0.5345987934388703,61.06406047921962,0.0035778455004316,-0.0073027473085893,0.0108805928090209,79.47306564842397,60.381436753097056,0.658002498205,0.570639136151,0.796713400012,3.08604269295
2020-06-09 23:59:59,60,Solana,SOL,0.668088172596,0.627242314833,0.66778423457,0.658002498205,988327.438893434,11350793.5069779,-1.5427750903054926,0.6015062301815,0.6693062255765496,0.5337062347864503,64.7244931417615,0.0069577010669165,-0.0044506576334881,0.0114083587004046,72.41030410432506,66.9628986840258,0.644866658992,0.58557626277,0.853453047328,2.9285280901
2020-06-10 23:59:59,61,Solana,SOL,0.6700430922,0.633404261063,0.658038317013,0.644866658992,1096203.32551522,11124151.4035966,-1.996320568513632,0.6033037969279,0.6737842447194566,0.5328233491363434,59.51778409380095,0.0084785728006819,-0.0018648115466541,0.0103433843473361,63.41222519004136,71.76519831426346,0.573741595726,0.581561970806,0.913559592712,2.4689767582
2020-06-11 23:59:59,62,Solana,SOL,0.650534979007,0.570082493458,0.644888410942,0.573741595726,1122221.18826251,9897183.58341088,-11.02942170667911,0.6000471231868,0.6696203848082822,0.5304738615653177,49.79106782335246,0.0038997228409519,-0.0007119046691329,0.0046116275100848,14.691399540963744,50.17130961177673,0.593868974009,0.620956096312,0.924624245478,3.63637779652
2020-06-12 23:59:59,63,Solana,SOL,0.604653248066,0.569920400668,0.574058799071,0.593868974009,940323.239000038,10244352.3859345,3.508091174308392,0.5990890013623,0.6684367927994338,0.5297412099251663,52.04017840875564,0.0018734663213919,-0.0001948304710279,0.0020682967924198,28.478698181833128,35.52744097094608,0.608943286609,0.684331738563,1.01671595852,3.4698368119
2020-06-13 23:59:59,64,Solana,SOL,0.611439213256,0.585485460723,0.593947639042,0.608943286609,764756.553388664,10504345.5146756,2.538322973540552,0.60208351142855,0.6673884222956029,0.5367786005614971,52.91181442602451,0.0014671026308945,0.0001375561493565,0.0013295464815379,38.80463565365788,27.32491112548492,0.587076584953,0.643591290368,1.17573410198,3.42742826316
2020-06-14 23:59:59,65,Solana,SOL,0.618258433941,0.580899434377,0.610926627118,0.587076584953,873415.751115423,10127117.7365674,-3.5909258114607545,0.6013944769043,0.6670437569932794,0.5357451968153206,52.33793320565909,-0.0006123448670495,-1.2424053924657222e-05,-0.0005999208131248,23.825896655310288,30.36974349693377,0.570639136151,0.67314920063,1.14807454207,3.3326599913
2020-06-15 23:59:59,66,Solana,SOL,0.591897430283,0.547286993406,0.588372951939,0.570639136151,942666.189719777,9843524.99494113,-2.79988151857834,0.6012611006972001,0.6671610130772476,0.5353611883171525,49.08268449361409,-0.0035458128126973,-0.0007191018056792,-0.0028267110070181,15.465783533875005,26.03210528094773,0.58557626277,0.726847851963,1.28959809685,3.22583906019
2020-06-16 23:59:59,67,Solana,SOL,0.589828344671,0.568689096218,0.570578694829,0.58557626277,652020.104651764,10101141.4390675,2.6176134219871194,0.6009906824873499,0.6671121629590041,0.5348692020156957,52.78155690585387,-0.0046121401302768,-0.0014977094705987,-0.0031144306596781,25.358424625964822,21.550034938383376,0.581561970806,0.708296754877,0.872441377367,3.26913320415
2020-06-17 23:59:59,68,Solana,SOL,0.590128890668,0.565116816879,0.585496727656,0.581561970806,673274.193458797,10031846.4524466,-0.6855284647316107,0.60131100785865,0.6669659310769084,0.5356560846403916,49.29323724847849,-0.0057152501781549,-0.0023412176121099,-0.003374032566045,22.699817609257984,21.17467525636594,0.620956096312,0.736993876923,0.977837416041,2.93912067127
2020-06-18 23:59:59,69,Solana,SOL,0.650308613252,0.579285208673,0.581582391057,0.620956096312,1349341.26909908,10711334.8299096,6.773848271303362,0.6033880422631,0.6687541098434555,0.5380219746827446,54.24324901681845,-0.003371827808599,-0.0025473396514077,-0.0008244881571912,48.78997234302639,32.28273819274974,0.684331738563,0.713193588341,0.966583495614,2.54539877265
2020-06-19 23:59:59,70,Solana,SOL,0.836398481391,0.620383816305,0.62240659565,0.684331738563,6577470.95547564,11804490.7995105,10.206138989117331,0.60820798929135,0.682396671738149,0.534019306844551,53.00135536128414,0.0035582190457892,-0.0013262279119683,0.0048844469577576,47.40204068408043,39.6306102121216,0.643591290368,0.741144336305,0.920349487609,2.89187378323
2020-06-20 23:59:59,71,Solana,SOL,0.688583471859,0.625625721953,0.682522764479,0.643591290368,1714405.29578048,11101677.8613918,-5.9533185294823765,0.61188645280705,0.6853954937646731,0.5383774118494269,52.7243584424553,0.0056972431463978,7.846629970485915e-05,0.0056187768466929,33.31043592670955,43.16748298460546,0.67314920063,0.713548036244,0.87308942899,3.10794006412
2020-06-21 23:59:59,72,Solana,SOL,0.748541584115,0.636880364182,0.64613451067,0.67314920063,2238347.1863849,11611481.9990937,4.592652309682288,0.616669155003,0.6931439584967266,0.5401943515092734,56.86825416524067,0.0096660868569897,0.0019959904111618,0.0076700964458279,43.53414252100912,41.41553971059971,0.726847851963,0.798495268854,0.977165717243,3.02889117957
2020-06-22 23:59:59,73,Solana,SOL,0.743113096168,0.645877388262,0.672577376106,0.726847851963,1620387.87401448,12537695.5906935,7.977228715824558,0.6247780759431499,0.7117144243105819,0.537841727575718,57.07291224780256,0.0169490780544507,0.0049866079398196,0.0119624701146311,62.10782553418152,46.31746799396674,0.708296754877,0.852454240319,1.04408725245,2.8709033938
2020-06-23 23:59:59,74,Solana,SOL,0.760632726054,0.700711973595,0.726772689327,0.708296754877,1327340.25336353,12217638.9889378,-2.5522668927065006,0.6308618826037501,0.7234040897761893,0.5383196754313109,55.95852631747059,0.0209821138056643,0.0081857091129885,0.0127964046926758,55.691236136335625,53.77773473050876,0.736993876923,0.860093981011,1.04984357893,2.78250941483
2020-06-24 23:59:59,75,Solana,SOL,0.80069160261,0.693501096515,0.708529727823,0.736993876923,2769053.65582756,12712583.3849433,4.051567630150088,0.6383466017773001,0.7398357078165627,0.5368574957380374,60.5264833384468,0.0261920163516732,0.0117869705607255,0.0144050457909477,65.61720699484711,61.13875622178809,0.713193588341,0.832641570072,0.995345503195,2.915519109
2020-06-25 23:59:59,76,Solana,SOL,0.75670464737,0.69924039905,0.737099871932,0.713193588341,1751581.2295456,12301987.5415512,-3.2293739917308217,0.64094854907635,0.7474445540912013,0.5344525440614988,67.86597524415866,0.0280767657945498,0.0150449296074903,0.0130318361870594,57.38498877761916,59.56447730293397,0.741144336305,0.78021901831,1.25222285418,2.83675707
2020-06-26 23:59:59,77,Solana,SOL,0.751991938279,0.681531945226,0.712531268297,0.741144336305,1664662.318395,12784052.9001166,3.9190969213587215,0.6468836311294,0.7619249242397309,0.531842338019069,68.49747219154123,0.0314631474942788,0.018328573184848,0.0131345743094307,67.05279829940825,63.35166469062485,0.713548036244,0.768093046309,1.5651096946,3.13271463
2020-06-27 23:59:59,78,Solana,SOL,0.752211394817,0.675838228985,0.739596862542,0.713548036244,1681428.02669551,12307979.1957079,-3.723471759709085,0.6517321402227501,0.7695360922773684,0.5339281881681317,62.73748039749336,0.0315563269123425,0.0209741239303469,0.0105822029819955,57.50758781561324,60.64845829754688,0.798495268854,0.7803716825,1.77863550182,3.18861239
2020-06-28 23:59:59,79,Solana,SOL,0.843976500665,0.687094919406,0.713548036244,0.798495268854,3412582.28723085,13773165.2227317,11.904907349636671,0.6582412503800501,0.7930600616189636,0.5234224391411366,72.31574658550598,0.0380461318849868,0.0243885255212749,0.0136576063637118,84.67042793957107,69.7436046848642,0.852454240319,0.691663563023,1.78406723276,3.13470267
2020-06-29 23:59:59,80,Solana,SOL,0.885339207046,0.770008603117,0.798495268854,0.852454240319,2147790.97814405,14703824.7067831,6.757581863001128,0.6679638374857501,0.8283348453730648,0.5075928295984353,77.56299914462558,0.0470015821441243,0.0289111368458448,0.0180904452982794,89.73058482579869,77.30286686032768,0.860093981011,0.707908010158,1.65828948188,3.15294678
2020-06-30 23:59:59,81,Solana,SOL,1.02917629719,0.850103876016,0.853022445953,0.860093981011,3887548.37229807,14835525.1298039,0.8962053715799501,0.6787252035867,0.8600820534425371,0.4973683537308629,77.23808523120319,0.0540917679904555,0.0339472630747669,0.0201445049156885,63.56451632758679,79.32184303098552,0.832641570072,0.753047992993,1.68680710334,2.95667817
2020-07-01 23:59:59,82,Solana,SOL,0.9017150754,0.820926518746,0.863363963794,0.832641570072,1772559.84133893,14361930.621951,-3.191792007046834,0.691670202304,0.8783566483023073,0.5049837563056927,73.80530104982938,0.0568403905815875,0.038525888576131,0.0183145020054564,56.31504332174084,69.87004815837544,0.78021901831,0.796713400012,1.53817765536,2.94643322
2020-07-02 23:59:59,83,Solana,SOL,0.837126639543,0.753667578226,0.832115967202,0.78021901831,1749581.47684417,13457643.8789028,-6.2959325652533815,0.70098770451905,0.8857126402461319,0.5162627687919681,64.73594836610556,0.054164260099818,0.0416535628808684,0.0125106972189495,39.09934978720028,52.99296981217597,0.768093046309,0.853453047328,1.52660964025,2.89787636
2020-07-03 23:59:59,84,Solana,SOL,0.786034988586,0.755112879567,0.782035734397,0.768093046309,1144958.29683634,13248409.5564903,-1.554175393886903,0.7089451925040501,0.8906622679434884,0.5272281170646118,58.56210929240663,0.0504830061427984,0.0434194515332544,0.0070635546095439,35.303462093278085,43.572618400739735,0.7803716825,0.913559592712,1.74281034979,2.86102773
2020-07-04 23:59:59,85,Solana,SOL,0.82315514027,0.761450763631,0.767940953547,0.7803716825,1644301.45065498,13460110.8038221,1.5985870787404988,0.7186099473814,0.8934673869893464,0.5437525077734537,64.84556470031413,0.0480030202470617,0.0443361652760159,0.0036668549710457,36.57731478829116,36.99337555625652,0.691663563023,0.924624245478,1.80261098364,2.62608296
2020-07-05 23:59:59,86,Solana,SOL,0.7855474402,0.642635456,0.780101225611,0.691663563023,3799016.31678145,11929965.7302922,-11.367419073026142,0.724661168725,0.885795464426635,0.5635268730233649,51.780816732932536,0.0384365372052615,0.043156239661865,-0.0047197024566035,12.683810298560598,28.188195726709957,0.707908010158,1.01671595852,1.87163885812,2.5473028
2020-07-06 23:59:59,87,Solana,SOL,0.721045541194,0.686580404858,0.691663563023,0.707908010158,1120773.259312,12210072.8690639,2.348605305157548,0.7307777560944,0.8784032034657112,0.5831523087230888,48.0368079521203,0.0317992595256716,0.0408848436346263,-0.0090855841089547,16.886327963961747,22.04915101693784,0.753047992993,1.17573410198,1.75454981586,2.51599459
2020-07-07 23:59:59,88,Solana,SOL,0.780892667097,0.701921604165,0.707857857487,0.753047992993,1700040.66085723,12988566.0151594,6.376532287708558,0.7393520572037501,0.8693547174696593,0.6093493969378408,54.39631957431726,0.0298376387831931,0.0386754026643397,-0.0088377638811465,28.56426158050601,19.378133281009458,0.796713400012,1.14807454207,2.20634832732,2.65764391
2020-07-08 23:59:59,89,Solana,SOL,0.827522889896,0.743411482304,0.753047992993,0.796713400012,2220222.72711344,13741613.2737162,5.798489263008477,0.7481399223887499,0.8677942262593532,0.6284856185181467,55.69918032052908,0.0314440066954941,0.0372291234705706,-0.0057851167750764,39.86071524490334,28.43710159645704,0.853453047328,1.28959809685,2.08590263527,2.17625031
2020-07-09 23:59:59,90,Solana,SOL,0.882357720133,0.75990571644,0.794017971565,0.853453047328,2668723.50625663,14720152.3853897,7.1217136946793325,0.756595987827,0.8810702448759883,0.6321217307780117,62.59355117055285,0.0368704604674281,0.0371573908699421,-0.0002869304025139,54.53953861097302,40.98817181212746,0.913559592712,0.872441377367,2.47362485486,2.29179581
2020-07-10 23:59:59,91,Solana,SOL,0.939629429073,0.842849804524,0.853303723787,0.913559592712,1856094.87383758,15756747.8792219,7.042747761248536,0.7700944029442,0.9013387396197567,0.6388500662686432,64.63562446182459,0.0454966035334227,0.0388252334026382,0.0066713701307845,70.08939492084102,54.82988292557246,0.924624245478,0.977837416041,2.6652275038,2.36522028
2020-07-11 23:59:59,92,Solana,SOL,0.92634730137,0.859094947025,0.913559592712,0.924624245478,1788814.0647145,15947475.7511162,1.2111582927122777,0.7826681551865999,0.9226968933215364,0.6426394170516636,68.43478640293054,0.0526191482811801,0.0415840163783466,0.0110351319028335,72.9518745315172,65.86026935444376,1.01671595852,0.966583495614,3.13179330211,2.53985887
2020-07-12 23:59:59,93,Solana,SOL,1.13097821246,0.914117106349,0.92385606339,1.01671595852,4693370.50719829,17535715.8229986,9.95990679374752,0.79716156051445,0.9692077707547072,0.6251153502741926,68.82385119922257,0.0649461886734438,0.046256450837366,0.0186897378360777,76.60203772278965,73.21443572504928,1.17573410198,0.920349487609,3.30341929739,2.40608988
2020-07-13 23:59:59,94,Solana,SOL,1.28766254036,1.00888432901,1.01671595852,1.17573410198,4062068.74661056,20278237.5664092,15.640370560473691,0.8205334278696,1.0567736488192154,0.5842932069199847,73.60747919641337,0.0865492068217592,0.0543150020342447,0.0322342047875145,82.64748239354073,77.40046488261585,1.14807454207,0.87308942899,3.76975091301,2.42657824
2020-07-14 23:59:59,95,Solana,SOL,1.2460057862,1.11916616563,1.17247561888,1.14807454207,2213135.15016517,19801055.4914822,-2.352535310783266,0.8410874611269499,1.1152175910900095,0.56695733116389,70.43233230785883,0.1002818720240946,0.0635083760322147,0.0367734959918799,78.3593585952286,79.20295957051967,1.28959809685,0.977165717243,3.75597115712,2.58707246
2020-07-15 23:59:59,96,Solana,SOL,1.39683470534,1.14145755742,1.14752327979,1.28959809685,3355229.32708245,22241796.9042963,12.327035361730989,0.8699076865524,1.2024078325020189,0.5374075406027812,77.90441518671999,0.1211878975978435,0.0750442803453404,0.046143617252503,85.78139548881242,82.26274549252724,0.872441377367,1.04408725245,3.40938766083,2.40491019
2020-07-16 23:59:59,97,Solana,SOL,1.37496707747,0.855043722577,1.28403887818,0.872441377367,7486567.81431637,15046966.0262034,-32.347808243665675,0.8764725386055001,1.2034063391124423,0.5495387380985579,53.89609459227033,0.1029087445974605,0.0806171731957645,0.022291571401696,30.470186965593403,64.87031368321148,0.977837416041,1.04984357893,3.18379488714,2.31463525
2020-07-17 23:59:59,98,Solana,SOL,1.04684187853,0.801884427325,0.870761094191,0.977837416041,8973774.36468872,16864618.7937719,12.080586891933295,0.8896870075953499,1.210194868796316,0.5691791463943838,58.21371758071378,0.0958223828577934,0.0836582151281702,0.0121641677296231,44.44474856403468,53.5654436728135,0.966583495614,0.995345503195,3.38565277366,2.26643616
2020-07-18 23:59:59,99,Solana,SOL,1.00071624924,0.931726289601,0.977515448127,0.966583495614,2923007.17734355,16670417.2869211,-1.1508989370200284,0.89809141893335,1.21734369576366,0.5788391421030401,57.29802547102884,0.0882806484367232,0.0845827017898808,0.0036979466468423,42.95258048817829,39.28917200593546,0.920349487609,1.25222285418,3.09860770861,2.1493861
2020-07-19 23:59:59,100,Solana,SOL,0.97035414737,0.899515435903,0.968004089172,0.920349487609,2206671.01567458,15872927.8675157,-4.783239959588892,0.90148618129785,1.2201385272670362,0.5828338353286638,59.27134411977595,0.077677651902019,0.0832016918123085,-0.0055240399102894,32.91343432800861,40.1035877934072,0.87308942899,1.5651096946,3.32997591802,2.20184324
2020-07-20 23:59:59,101,Solana,SOL,0.921583894741,0.851877880062,0.920515196824,0.87308942899,3036870.91981545,15057755.3103182,-5.135012216041779,0.9021359536968,1.2204857698206923,0.5837861375729079,56.5324732518036,0.0647152123123218,0.0795043959123111,-0.0147891835999893,24.63154379095448,33.499186202380464,0.977165717243,1.77863550182,2.89904061061,2.21426738
2020-07-21 23:59:59,102,Solana,SOL,1.00825365156,0.860315868753,0.872927986494,0.977165717243,4299502.33510521,16852602.2014576,11.92046138657259,0.90936216105535,1.227631166898118,0.5910931552125819,58.46848132163759,0.06212434147092,0.0760283850240329,-0.0139040435531129,35.77378744711702,31.10625518869337,1.04408725245,1.78406723276,3.20826704334,2.05807954
2020-07-22 23:59:59,103,Solana,SOL,1.10470350891,0.972484753345,0.977197956096,1.04408725245,5295001.98436419,18006642.2008208,6.848534903149695,0.92255557276235,1.2401596251905684,0.6049515203341314,59.1857933240166,0.0647249572501986,0.0737676994692661,-0.0090427422190674,44.61745986798183,35.00759703535112,1.04984357893,1.65828948188,2.94366836633,1.88867176
2020-07-23 23:59:59,104,Solana,SOL,1.10121768001,0.997394084818,1.04615500925,1.04984357893,2970423.1250175,18105795.7974271,0.5513261910335965,0.9366430993934,1.2503704310110255,0.6229157677757744,57.57960793418783,0.0664840645201155,0.072310972479436,-0.0058269079593204,41.67728981189726,40.68951237566537,0.995345503195,1.68680710334,3.02088644284,1.89037825
2020-07-24 23:59:59,105,Solana,SOL,1.05395367081,0.974779709349,1.04984357893,0.995345503195,1991763.30860784,17165794.8003885,-5.191066252988319,0.94739179042815,1.253206496165087,0.6415770846912132,53.17021624638572,0.0627572044647498,0.0704002188764987,-0.0076430144117489,32.51718387551076,39.60397785179662,1.25222285418,1.53817765536,3.32243106353,1.95565252
2020-07-25 23:59:59,106,Solana,SOL,1.43274047406,0.995397297974,0.995440475816,1.25222285418,9978279.43748358,21595764.5736461,25.80785768966041,0.975419754986,1.2852741275224466,0.6655653824495532,60.66593865517415,0.0796137585801216,0.0722429268172233,0.0073708317628982,71.38529133321774,48.52658834020858,1.5651096946,1.52660964025,3.34498605269,1.96003515
2020-07-26 23:59:59,107,Solana,SOL,1.62464801207,1.23828328849,1.24472812927,1.5651096946,10463129.600325,26991607.0561782,24.986514131694992,1.0182798392081,1.4009238768215453,0.6356358015946548,65.61024722824297,0.1168728152159244,0.0811689044969635,0.0357039107189608,92.76361781514034,65.5553643412896,1.77863550182,1.74281034979,3.26484998089,1.91182801
2020-07-27 23:59:59,108,Solana,SOL,2.04273954159,1.56108693478,1.56509785048,1.77863550182,32838354.7073633,30673811.3399836,13.642865286485328,1.06955921464945,1.5617464912085235,0.5773719380903766,66.64529862657915,0.1617658975980955,0.0972883031171899,0.0644775944809055,78.71596476221661,80.95495797019156,1.78406723276,1.80261098364,3.55837531339,1.78745942
2020-07-28 23:59:59,109,Solana,SOL,1.85867216855,1.61176862419,1.78411050855,1.78406723276,9692632.1660337,30767254.4661293,0.3053875251248561,1.11892690628685,1.6879543290019527,0.5498994835717469,67.77709389058344,0.1955283549514421,0.1169363134840404,0.0785920414674017,79.1537057101771,83.54442942917802,1.65828948188,1.87163885812,3.44506033395,1.68546625
2020-07-29 23:59:59,110,Solana,SOL,2.09562226208,1.59316648672,1.78566194741,1.65828948188,10348944.5267619,28597942.6143557,-7.050056666609949,1.15916872801445,1.7619797782570643,0.5563576777718355,60.39708060395657,0.2097186265404009,0.1354927760953125,0.0742258504450884,66.19618222088873,74.68861756442749,1.68680710334,1.75454981586,4.0113925268,1.71023239
2020-07-30 23:59:59,111,Solana,SOL,1.79644907564,1.6357119142,1.65828948188,1.68680710334,5222980.07636029,29089539.6606279,1.7197010396321044,1.1978311035458502,1.832652809644569,0.5630093974471316,79.41194275643436,0.2207213148073015,0.1525384838377103,0.0681828309695911,68.40046354388184,71.25011715831589,1.53817765536,2.20634832732,3.96880938889,1.49005343
2020-07-31 23:59:59,112,Solana,SOL,1.68848814417,1.51040494945,1.68680710334,1.53817765536,4822046.26693321,26526190.853226,-8.8112889544811,1.22850877403995,1.867029225302827,0.5899883227770735,69.62461072283044,0.2149698318179238,0.165024753433753,0.0499450783841707,55.1801306780148,63.25892548092846,1.52660964025,2.08590263527,4.43582255875,1.42893639
2020-08-01 23:59:59,113,Solana,SOL,1.66222891669,1.49887205013,1.53275891754,1.52660964025,4589882.24595131,26326510.4083857,-0.7520597552363006,1.25400345812645,1.897615484629244,0.6103914316236562,69.60929607332707,0.2070910808993182,0.1734380189268661,0.0336530619724521,54.25003480966356,59.2768763438534,1.74281034979,2.47362485486,4.78204551788,1.44133589
2020-08-02 23:59:59,114,Solana,SOL,1.74682282201,1.41197290179,1.52990978778,1.74281034979,7216576.38811606,30054693.6113815,14.1621475352792,1.28235727051695,1.9604894428248028,0.6042250982090971,75.73523617002135,0.2158050382808172,0.1819114227976563,0.0338936154831608,71.63308494969397,60.35441681245744,1.80261098364,2.6652275038,4.34451591286,1.54069959
2020-08-03 23:59:59,115,Solana,SOL,1.83003434295,1.66872588204,1.73229008343,1.80261098364,5836036.43502209,31085735.0137577,3.4312760339761272,1.31508409259545,2.028203493833804,0.6019646913570966,78.85873787228161,0.2249433171257999,0.190517801663285,0.0344255154625149,76.28027507808449,67.38779827914733,1.87163885812,3.13179330211,4.16447184085,1.5998403
2020-08-04 23:59:59,116,Solana,SOL,1.94987535907,1.79498420077,1.80001201619,1.87163885812,5495664.99847303,32275884.1492363,3.829327298373197,1.34418613065895,2.099201178353827,0.5891710829640728,78.38840752590207,0.2350459778075866,0.1994234368921454,0.0356225409154412,80.05734807910791,75.9902360356288,1.75454981586,3.30341929739,3.52733985495,1.47407225
2020-08-05 23:59:59,117,Solana,SOL,1.88812222154,1.70950898919,1.8707357761,1.75454981586,5405764.40284623,30256505.6597196,-6.255963416874788,1.3882915525836,2.1302202138835846,0.6463628912836153,71.85248971759431,0.2309421447391564,0.2057271784615476,0.0252149662776088,69.56999487671514,75.30253934463585,2.20634832732,3.76975091301,3.54579448415,1.41223396
2020-08-06 23:59:59,118,Solana,SOL,2.22800308367,1.74678344038,1.75454981586,2.20634832732,11143557.0707687,38047323.8161723,25.7501102206408,1.44971709814755,2.2497116367089016,0.6497225595861984,77.91292548542359,0.2611359784944416,0.2168089384681264,0.0443270400263151,98.27207529050978,82.63313941544428,2.08590263527,3.75597115712,2.59791636472,1.39225494
2020-08-07 23:59:59,119,Solana,SOL,2.20316566041,1.88557243849,2.20316566041,2.08590263527,8068101.90171604,35970036.8564279,-5.459051526841307,1.50568305513035,2.319850849310999,0.6915152609497007,75.50918908338477,0.2722080041107539,0.2278887515966519,0.044319252514102,88.47154134362903,85.43787050361799,2.47362485486,3.40938766083,3.08604269295,1.40521805
2020-08-08 23:59:59,120,Solana,SOL,2.56958976667,2.02653817064,2.08388935271,2.47362485486,10919229.1805999,42655747.4961301,18.58774292884544,1.5833468234929,2.4566094788873083,0.7100841680984918,76.92184381939897,0.308709990368768,0.2440529993510751,0.0646569910176928,92.79167393963324,93.17843019125736,2.6652275038,3.18379488714,2.9285280901,1.91374
2020-08-09 23:59:59,121,Solana,SOL,2.70682280561,2.30250117749,2.47155579121,2.6652275038,12107836.8570546,45959454.0071939,7.745824859559969,1.6729537272334,2.6051501946916016,0.7407572597751981,75.61824065239921,0.3490748918781661,0.2650573778564933,0.0840175140216727,96.78763525507571,92.68361684611266,3.13179330211,3.38565277366,2.4689767582,2.03196386
2020-08-10 23:59:59,122,Solana,SOL,3.397928851,2.52589777885,2.6652275038,3.13179330211,22863250.6335323,54004593.6510801,17.505665000259253,1.7806851064767504,2.860614407781493,0.7007558051720075,78.18870040468019,0.4139406773489689,0.2948340377549885,0.1191066395939803,86.59912124456402,92.059476813091,3.30341929739,3.09860770861,3.63637779652,2.15659813
2020-08-11 23:59:59,123,Solana,SOL,3.48653462219,2.75363392525,3.13104235382,3.30341929739,36356155.1835573,56963799.6073747,5.48011885600399,1.8936517087237497,3.1128480452532807,0.6744553721942184,79.60116630804936,0.4737351393515754,0.3306142580743059,0.1431208812772695,91.17330070253618,91.52001906739196,3.76975091301,3.32997591802,3.4698368119,2.02865216
2020-08-12 23:59:59,124,Solana,SOL,3.91616784116,3.10397862294,3.30795784774,3.76975091301,28461706.5886889,65004787.9204578,14.116634118727966,2.02964707542775,3.443743765146687,0.6155503857088132,86.31777275318831,0.5523842041113203,0.3749682472817088,0.1774159568296114,94.1531337737295,90.64185190694324,3.75597115712,2.89904061061,3.42742826316,2.247987
2020-08-13 23:59:59,125,Solana,SOL,4.1558137393,3.52851962847,3.77070310945,3.75597115712,28236179.4181239,64766752.6195916,-0.3655349175046063,2.167678358124,3.6913713973894735,0.6439853188585258,85.77160409592541,0.6066096252724731,0.4212965228798617,0.1853131023926114,85.42763207275345,90.25135551633971,3.40938766083,3.20826704334,3.3326599913,2.0021245
2020-08-14 23:59:59,126,Solana,SOL,3.78999667412,3.33265431728,3.76016794504,3.40938766083,18427949.9772839,99684620.8277296,-9.227533487124871,2.2755365984565,3.831435897229201,0.7196372996837992,80.27708759370853,0.6145333130847441,0.4599438809208382,0.1545894321639059,72.79630551940572,84.12569045529621,3.18379488714,2.94366836633,3.22583906019,1.89913759
2020-08-15 23:59:59,127,Solana,SOL,3.71994464361,3.16546459239,3.41255512992,3.18379488714,13155762.3719706,93088676.8213831,-6.616812053431342,2.3564708580835,3.9251194301948606,0.7878222859721395,75.07720347706973,0.595742097223535,0.4871035241813776,0.1086385730421574,64.57451762974362,74.26615174063427,3.38565277366,3.02088644284,3.26913320415,2.02079216
2020-08-16 23:59:59,128,Solana,SOL,3.47068758818,3.13868790105,3.18540600494,3.38565277366,10395312.8169568,98990653.6220894,6.340166175130979,2.4368217216755,4.044980107370813,0.8286633359801865,74.96854621584492,0.5903331743512648,0.507749454215355,0.0825837201359097,69.0336244700065,68.80148253971862,3.09860770861,3.32243106353,2.93912067127,1.91701557
2020-08-17 23:59:59,129,Solana,SOL,3.38599860266,3.08798536904,3.38565277366,3.09860770861,10723918.7652425,90597950.4986745,-8.478278318532206,2.502548745468,4.10582138903253,0.8992761019034703,68.42438910235218,0.556469788856452,0.5174935211435745,0.0389762677128775,56.783551573349065,63.46389789103306,3.32997591802,3.34498605269,2.54539877265,2.04323394
2020-08-18 23:59:59,130,Solana,SOL,3.70991071576,2.89441385094,3.10446912318,3.32997591802,30350144.9435501,103607422.825354,7.4668441818919185,2.586133067275,4.178346376199068,0.9939197583509328,69.81754644154921,0.5420538335771949,0.5224055836302987,0.0196482499468962,66.24141692718923,64.0195309901816,2.89904061061,3.26484998089,2.89187378323,2.25535545
2020-08-19 23:59:59,131,Solana,SOL,3.48386321098,2.83810835571,3.32869596266,2.89904061061,14838388.9157821,91286346.3844131,-12.941093810258952,2.6467447426385,4.186230558217798,1.1072589270592017,64.33029948962664,0.4902054243362133,0.5159655517714816,-0.0257601274352683,47.83074628602937,56.95190492885589,3.20826704334,3.55837531339,3.10794006412,2.20218147
2020-08-20 23:59:59,132,Solana,SOL,3.43184301093,2.896235885,2.89904061061,3.20826704334,13756478.1507016,101023083.037279,10.666509175424554,2.7302492120375,4.195962985829902,1.2645354382450986,63.00962378462556,0.4686647003414128,0.5065053814854679,-0.037840681144055,58.26229151844234,57.44481824388698,2.94366836633,3.44506033395,3.02889117957,2.11502872
2020-08-21 23:59:59,133,Solana,SOL,3.22328959908,2.91377102658,3.20971758522,2.94366836633,11796735.6331521,92690989.2578399,-8.247401897522122,2.8011021483415,4.154530688382702,1.447673608300298,60.735932043926525,0.4253395696969235,0.490272219127759,-0.0649326494308354,43.07240496199231,49.721814255488,3.02088644284,4.0113925268,2.8709033938,2.07676865
2020-08-22 23:59:59,134,Solana,SOL,3.19486521065,2.7573269666,2.94530774528,3.02088644284,10296804.8195696,95122114.0144119,2.6231921161102623,2.865005952994,4.125544813706172,1.6044670922818274,57.42687720323252,0.3927080509968035,0.4707593855015679,-0.0780513345047644,38.76222932673612,46.69897526905692,3.32243106353,3.96880938889,2.78250941483,2.09539164
2020-08-23 23:59:59,135,Solana,SOL,3.40341502232,3.01883810532,3.02086332122,3.32243106353,11991402.1639282,104616816.094793,9.981991259708224,2.9409969569885,4.11192673141786,1.77006718255914,58.66046587423161,0.3867215824292818,0.4539518248871107,-0.0672302424578289,48.86959229849412,43.56807552907418,3.34498605269,4.43582255875,2.915519109,2.38220531
2020-08-24 23:59:59,136,Solana,SOL,3.60753946366,3.22443067131,3.31222151588,3.34498605269,15785207.7166973,106162865.723266,0.6788700421081373,3.014664316717,4.083235068713611,1.9460935647203883,53.181731656041386,0.3794235041121716,0.4390461607321229,-0.0596226566199513,42.17377268696817,43.26853143739947,3.26484998089,4.78204551788,2.83675707,2.14484477
2020-08-25 23:59:59,137,Solana,SOL,3.35824746517,3.02771940496,3.34966390621,3.26484998089,13444308.062981,103619131.980434,-2.395707202891195,3.0901793249685,3.982769922342292,2.1975887275947086,49.40822332879606,0.3629891007957782,0.423834748744854,-0.0608456479490758,36.29086983140686,42.444744938956376,3.55837531339,4.34451591286,3.13271463,2.27637688
2020-08-26 23:59:59,138,Solana,SOL,3.79532359202,3.19431082142,3.26604124854,3.55837531339,22147431.4936826,113824141.563725,8.990469216597363,3.157780674272,3.969674079459373,2.3458872690846264,46.57521255842185,0.3693916420915299,0.4129461274141892,-0.0435544853226592,57.27965129362285,45.24809793733262,3.44506033395,4.16447184085,3.18861239,2.26796698
2020-08-27 23:59:59,139,Solana,SOL,3.85470595952,3.29221387961,3.55784428623,3.44506033395,21031356.3229519,111060306.36774,-3.184458340119467,3.2257385592059995,3.870115593568064,2.5813615248439348,45.11990839822336,0.3611589152073291,0.4025886849728172,-0.0414297697654881,62.670542427645714,52.08035451755848,4.0113925268,3.52733985495,3.13470267,2.27003407
2020-08-28 23:59:59,140,Solana,SOL,4.30959279879,3.44728103835,3.4524946514,4.0113925268,27212887.5047479,130085569.491252,16.438962977483218,3.302626942803,3.9360211467136086,2.669232738892391,58.83936212152568,0.3957704988136412,0.401225047740982,-0.0054545489273408,80.78935541799005,66.91318304641953,3.96880938889,3.54579448415,3.15294678,1.90303693
2020-08-29 23:59:59,141,Solana,SOL,4.10524133898,3.78711222485,4.01421628197,3.96880938889,14585964.4266973,128704139.655732,-1.061554999305181,3.3678060370575005,3.9932656581072,2.7423464160078006,62.18118860241266,0.4149806858079463,0.4039761753543749,0.0110045104535714,78.0460664125288,73.83532141938818,4.43582255875,2.59791636472,2.95667817,1.85794881
2020-08-30 23:59:59,142,Solana,SOL,4.70500522426,3.91913232587,3.97001094302,4.43582255875,22220238.7965161,143848364.09318,11.76708488866518,3.4330074998895,4.208708394207781,2.657306605571219,65.05664550417852,0.4625568893301182,0.4156923181495236,0.0468645711805945,86.1793053112682,81.67157571392902,4.78204551788,3.08604269295,2.94643322,1.88893452
2020-08-31 23:59:59,143,Solana,SOL,4.87294089972,4.10968130689,4.42167882268,4.78204551788,20950150.2193332,155135267.461776,7.805157995940326,3.506938810914,4.485866808333951,2.528010813494049,73.73329493516147,0.5221793145919889,0.4369897174380167,0.0851895971539721,95.7035931548271,86.64298829287469,4.34451591286,2.9285280901,2.89787636,1.9151547
2020-09-01 23:59:59,144,Solana,SOL,4.94473085292,4.34451591286,4.78105021385,4.34451591286,16944926.9392703,142029235.639603,-9.149423680391225,3.5356770609065,4.578736586388958,2.492617535424041,63.51733929524956,0.5280386329626054,0.4551995005429345,0.0728391324196709,72.56039710756036,84.81443185788522,4.16447184085,2.4689767582,2.86102773,1.96689116
2020-09-02 23:59:59,145,Solana,SOL,4.35593945918,3.70516399342,4.35269338969,4.16447184085,23655802.3133022,137185056.897479,-4.144168777862223,3.556102095093,4.632781426830006,2.479422763355995,68.06806807821486,0.5122492426600109,0.4666094489663498,0.0456397936936611,64.32944930976252,77.53114652404999,3.52733985495,3.63637779652,2.62608296,1.97630826
2020-09-03 23:59:59,146,Solana,SOL,4.44081444343,3.52733985495,4.16877247977,3.52733985495,26473633.5627635,117631513.488068,-15.299226654632792,3.5619997047990006,4.636585434163711,2.4874139754342908,54.1657134598649,0.4432156959105704,0.4619306983551939,-0.0187150024446235,35.202135881976446,57.36399409976644,3.54579448415,3.4698368119,2.5473028,2.11540134
2020-09-04 23:59:59,147,Solana,SOL,3.8341037395,3.19889427854,3.52339002786,3.54579448415,17729340.0425555,119132915.465114,0.5231882936967969,3.5800996846495003,4.6399567123458025,2.520242656953198,58.40112093421195,0.3855508568161592,0.446654730047387,-0.0611038732312278,36.0458131431999,45.19246611164629,2.59791636472,3.42742826316,2.51599459,2.10037052
2020-09-05 23:59:59,148,Solana,SOL,3.66024449385,2.19167495625,3.55098445512,2.59791636472,25062204.6506355,87285369.2146955,-26.732460769147647,3.5407128642025,4.6860933715359945,2.3953323568690053,45.25207867077445,0.260363900912262,0.4093965642203621,-0.1490326633081,14.756017448151905,28.667988824442745,3.08604269295,3.3326599913,2.65764391,1.85595318
2020-09-06 23:59:59,149,Solana,SOL,3.17563730765,2.2881912589,2.60031677575,3.08604269295,20375889.8797486,103685156.764957,18.78914713571272,3.5400846134195,4.686499483515989,2.3936697433230103,47.453176743147,0.1982546949670176,0.3671681903696932,-0.1689134954026755,32.48636316399518,27.762731251782323,2.9285280901,3.22583906019,2.17625031,1.9787738
2020-09-07 23:59:59,150,Solana,SOL,3.18956012293,2.39149275595,3.0860842934,2.9285280901,17135013.476324,99856838.0760455,-5.104096686991366,3.5200122220234995,4.695603111093174,2.344421332953825,45.639920683989445,0.1347690559510344,0.3206883634859614,-0.185919307534927,26.76491729576837,24.66909930263848,2.4689767582,3.26913320415,2.29179581,1.85424895
2020-09-08 23:59:59,151,Solana,SOL,2.93973633456,2.3986406226,2.92762922888,2.4689767582,10163724.6032389,84805195.3148526,-15.692228920512342,3.4985090294030003,4.736026771189946,2.2609912876160543,42.28090319097657,0.046834399978386,0.2659175707844464,-0.2190831708060603,10.072508963055007,23.10792980760618,3.63637779652,2.93912067127,2.36522028,1.83117262
2020-09-09 23:59:59,152,Solana,SOL,3.7517156829,2.38980609128,2.4711781185,3.63637779652,52354542.078401,125895646.215421,47.282787674805405,3.5199145670620005,4.751087880912277,2.2887412532117235,50.646883506975904,0.0705320098945341,0.2268404586064639,-0.1563084487119298,52.47633518874288,29.771253815855413,3.4698368119,2.54539877265,2.53985887,1.66535169
2020-09-10 23:59:59,153,Solana,SOL,3.85130856175,3.32080890274,3.63637779652,3.4698368119,31177874.7930509,120996908.90366,-4.579859242881179,3.5462229893405004,4.747677997372925,2.344767981308076,50.2036760727439,0.0750094090911233,0.1964742487033958,-0.1214648396122725,46.42702159429526,36.32528858203104,3.42742826316,2.89187378323,2.40608988,1.6623035
2020-09-11 23:59:59,154,Solana,SOL,3.50101275227,3.04017104346,3.46733540035,3.42742826316,17090627.4630998,120434613.072138,-1.2222058569024807,3.5665500803565,4.744100350584815,2.388999810128184,44.74701164245347,0.0742795167206886,0.1720353023068544,-0.0977557855861657,44.88660431503493,47.92998703269101,3.3326599913,3.10794006412,2.42657824,1.57415052
2020-09-12 23:59:59,155,Solana,SOL,3.46705217225,3.15072681683,3.41910199191,3.3326599913,10368518.3648969,117103942.771464,-2.7649965100254525,3.5670615267450003,4.744174165694495,2.389948887795506,44.330811098818046,0.0653013113621927,0.1506885041179221,-0.0853871927557293,41.44431053616076,44.25264548183032,3.22583906019,3.02889117957,2.58707246,1.44458505
2020-09-13 23:59:59,156,Solana,SOL,3.46678153125,3.00540169314,3.33638058136,3.22583906019,15316353.1818696,113349810.373631,-3.205275407298036,3.56110417712,4.744140212331597,2.378068141908402,38.47721109200496,0.0490016025584454,0.1303511238060267,-0.0813495212475813,37.564224728996194,41.29837986006395,3.26913320415,2.8709033938,2.40491019,1.4909121
2020-09-14 23:59:59,157,Solana,SOL,3.52493434102,3.09417405128,3.23152551803,3.26913320415,21301450.1011828,118987736.46406,1.3421048958794035,3.5613183382830003,4.744130092747017,2.3785065838189827,34.710225962761825,0.0391264165174649,0.1121061823483144,-0.0729797658308494,39.13680972490445,39.38178166335379,2.93912067127,2.78250941483,2.31463525,1.56545586
2020-09-15 23:59:59,158,Solana,SOL,3.32006712451,2.91847262402,3.26913320415,2.93912067127,11992537.7843944,107710516.414547,-10.094802269331382,3.5303556061769994,4.745471349480858,2.315239862873141,35.481296692895526,0.0046177762098307,0.0906085011206176,-0.0859907249107869,33.23251933819174,36.644517930697454,2.54539877265,2.915519109,2.26643616,1.5916455
2020-09-16 23:59:59,159,Solana,SOL,2.93930742973,2.4538387192,2.93930742973,2.54539877265,24199803.5835456,93917562.6875188,-13.395907914521654,3.485372528112,4.77792609331958,2.192818962904419,33.98107341927809,-0.0538795467269177,0.0617108915511106,-0.1155904382780283,15.727073328097742,29.365467463731303,2.89187378323,2.83675707,2.1493861,1.76067126
2020-09-17 23:59:59,160,Solana,SOL,2.9341024459,2.37003381923,2.54539877265,2.89187378323,23792219.5131179,107424214.43618,13.611816517821552,3.4293965909335,4.722998459663882,2.1357947222031184,43.32909624788103,-0.071457738534491,0.0350771655339902,-0.1065349040684812,42.1899643788576,30.383185681715684,3.10794006412,3.13271463,2.20184324,1.78359783
2020-09-18 23:59:59,161,Solana,SOL,3.15931656498,2.7416758717,2.89187378323,3.10794006412,23510207.0958752,116227097.944417,7.471497620088763,3.386353124695,4.661540694595228,2.111165554794772,45.5866610566458,-0.067179436335131,0.014625845160166,-0.081805281495297,55.20887892565636,37.708638877537226,3.02889117957,3.18861239,2.21426738,1.67863414
2020-09-19 23:59:59,162,Solana,SOL,3.2534204148,2.97170380689,3.11174686384,3.02889117957,10763972.5896187,113270346.303239,-2.5434494526644813,3.316006555736,4.499348034363721,2.132665077108279,55.26638640844183,-0.0693678064697054,-0.0021728851658082,-0.0671949213038971,47.386073925449935,48.26163907665463,2.8709033938,3.13470267,2.05807954,1.69879993
2020-09-20 23:59:59,163,Solana,SOL,3.03287674998,2.72013813681,3.03102848284,2.8709033938,9217295.41412604,107361555.128177,-5.216027133481537,3.220449449532,4.195683228443067,2.2452156706209325,47.14033125900208,-0.0828948394118396,-0.0183172760150145,-0.064577563396825,33.813414904915064,45.46945591867378,2.78250941483,3.15294678,1.88867176,1.66865052
2020-09-21 23:59:59,164,Solana,SOL,3.02693974774,2.50041930346,2.8709033938,2.78250941483,19492893.6246122,104757856.3029,-3.078960412283316,3.1423491246305,3.978871654831405,2.3058265944295955,48.022762267494855,-0.0995996431514392,-0.0345737494422994,-0.0650258937091397,27.84598857726291,36.34849246920929,2.915519109,2.95667817,1.89037825,1.56357617
2020-09-22 23:59:59,165,Solana,SOL,2.9943702542,2.66860271189,2.77368774047,2.915519109,18556523.3857526,110493813.334531,4.780206437437218,3.079901488038,3.768550828863849,2.391252147212151,56.63322914459011,-0.1009419537469495,-0.0478473903032295,-0.05309456344372,36.825395999259385,32.82826649381244,2.83675707,2.94643322,1.95565252,1.5419152
2020-09-23 23:59:59,166,Solana,SOL,3.06533837,2.74630293,2.93035489,2.83675707,16096650.33028028,107545200.18238471,-2.7014756568347287,3.0453723487905,3.708332692311828,2.382412005269172,32.44375204936733,-0.1071262975953191,-0.0597031717616474,-0.0474231258336716,31.50821636072677,32.05986697908301,3.13271463,2.89787636,1.96003515,1.49028596
2020-09-24 23:59:59,167,Solana,SOL,3.25156306,2.79564658,2.8381205,3.13271463,18993325.64791849,118764707.79699808,10.432953992778817,3.024718356083,3.646494689768319,2.4029420223976814,42.99625376488569,-0.0871416186435247,-0.0651908611380228,-0.0219507575055018,66.03865842816559,44.790756929383896,3.18861239,2.86102773,1.91182801,1.20569231
2020-09-25 23:59:59,168,Solana,SOL,3.2651654,2.91177164,3.14554425,3.18861239,15935143.49283597,122206478.07352892,1.7843233936695846,3.054253157347,3.646062660513451,2.462443654180549,45.06622968885704,-0.0660319591953269,-0.0653590807494837,-0.0006728784458431,70.87870819395519,56.1418609942825,3.13470267,2.62608296,1.78745942,1.3624084
2020-09-26 23:59:59,169,Solana,SOL,3.20390555,3.04126653,3.18803034,3.13470267,11018474.88090908,121440587.25937828,-1.6906953058662633,3.0566861561995,3.649445267301757,2.4639270450972437,45.84011100988398,-0.0530410417450823,-0.0628954729486034,0.009854431203521,66.21079792957636,67.70938818389904,3.15294678,2.5473028,1.68546625,1.44540315
2020-09-27 23:59:59,170,Solana,SOL,3.17349913,3.01055105,3.13383751,3.15294678,9734367.88069845,123455190.65342164,0.5820044808269031,3.0679070906945,3.658945322318226,2.4768688590707737,48.409008380079165,-0.0408031456032094,-0.0584770074795246,0.0176738618763152,67.79051061095288,68.2933389114948,2.95667817,2.51599459,1.71023239,1.3242381
2020-09-28 23:59:59,171,Solana,SOL,3.20419115,2.93595445,3.15270485,2.95667817,10950200.85069037,116996606.06382903,-6.224926194282299,3.0922921612845,3.615653987348022,2.568930335220978,43.60707346895675,-0.0464068124367473,-0.0560629684709691,0.0096561560342218,61.74987208444238,65.2503935416572,2.94643322,2.65764391,1.49005343,1.30304194
2020-09-29 23:59:59,172,Solana,SOL,3.01009535,2.9017903,2.95836068,2.94643322,8821253.14791489,117872307.03014542,-0.3465020340715719,3.0577949324585,3.5172008602911937,2.5983890046258065,50.17214192729022,-0.0510855581047708,-0.0550674863977295,0.0039819282929586,64.39270082217143,64.64436117252222,2.89787636,2.17625031,1.42893639,1.5156849
2020-09-30 23:59:59,173,Solana,SOL,2.97934849,2.83566951,2.94907405,2.89787636,7767702.10929252,117178459.57132548,-1.6479877999746373,3.0291969098635,3.450209244345578,2.6081845753814217,59.907605731845,-0.0580425521397778,-0.0556624995461391,-0.0023800525936386,58.96815084056641,61.7035745823934,2.86102773,2.29179581,1.44133589,1.67434488
2020-10-01 23:59:59,174,Solana,SOL,2.98583389,2.65739801,2.89816187,2.86102773,10825966.25721191,116403066.95333204,-1.2715735739671108,3.0008768832055,3.383553403628122,2.6182003627828774,48.950240978609706,-0.065771226758204,-0.0576842449885521,-0.0080869817696518,47.15400682285645,56.83828616186475,2.62608296,2.36522028,1.54069959,1.53545722
2020-10-02 23:59:59,175,Solana,SOL,2.87663497,2.45779116,2.86419729,2.62608296,15856538.99496961,107500110.50109476,-8.21190118279629,2.9655480316405,3.349714707526186,2.581381355754814,33.80938494400094,-0.0898189594449112,-0.0641111878798239,-0.0257077715650872,20.844336078892,42.32216458077161,2.5473028,2.53985887,1.5998403,1.51089796
2020-10-03 23:59:59,176,Solana,SOL,2.66949457,2.5473028,2.62733511,2.5473028,6155890.57867446,104274635.61227962,-2.9999113203948435,2.931621218631,3.338193863015106,2.5250485742468944,33.815491525047435,-0.1139206549750109,-0.0740730812988613,-0.0398475736761495,11.086759468570614,26.361700790106344,2.51599459,2.40608988,1.47407225,1.84208404
2020-10-04 23:59:59,177,Solana,SOL,2.58803611,2.42888892,2.54301234,2.51599459,7075729.47763526,104250459.1504476,-1.2290729629787278,2.8939642879235,3.3083507113114075,2.479577864535592,36.96268642805965,-0.1340030297068555,-0.0860590709804602,-0.0479439587263953,10.415893796271794,14.115663114578126,2.65764391,2.42657824,1.41223396,1.79927479
2020-10-05 23:59:59,178,Solana,SOL,2.66262353,2.46732033,2.5191348,2.65764391,8105684.0286038,110119117.58235022,5.629953282212741,2.8798904498600004,3.3067512742580023,2.4530296254619985,45.58586470557854,-0.1369103230756008,-0.0962293213994883,-0.0406810016761124,27.35399063238035,16.285547965740907,2.17625031,2.58707246,1.39225494,2.16175192
2020-10-06 23:59:59,179,Solana,SOL,2.65519989,2.14769193,2.65519989,2.17625031,9739070.719841,90716350.09490736,-18.11354780031461,2.8614330267275,3.372759374490251,2.350106678964749,29.03100372921301,-0.1760296540844406,-0.1121893879364787,-0.0638402661479618,2.555620403229777,13.44183494396063,2.29179581,2.40491019,1.40521805,2.48509738
2020-10-07 23:59:59,180,Solana,SOL,2.39193728,2.09576005,2.17580888,2.29179581,11759752.04495923,96678235.2477901,5.309384654378291,2.831429128066,3.4022023342806627,2.2606559218513373,34.858399803293025,-0.1954553618083521,-0.1288425827108534,-0.0666127790974986,16.763713283849782,15.557774773153293,2.36522028,2.31463525,1.91374,2.15721704
2020-10-08 23:59:59,181,Solana,SOL,2.43061025,2.02852581,2.29998163,2.36522028,14931921.70481354,100368606.7828738,3.203796327736552,2.79429313886,3.3855942038275924,2.202992073892408,25.666257541843223,-0.2025902991782739,-0.1435921260043375,-0.0589981731739364,27.226564046845684,15.51529924464174,2.53985887,2.26643616,2.03196386,1.92921661
2020-10-09 23:59:59,182,Solana,SOL,2.62526821,2.31709043,2.36774234,2.53985887,12002959.23561284,107778851.91582131,7.383607838843664,2.7698415233815,3.36074064849353,2.17894239826947,30.87127670082546,-0.1919403449333034,-0.1532617697901307,-0.0386785751431727,43.49307941663059,29.161118915775347,2.40608988,2.1493861,2.15659813,2.37274497
2020-10-10 23:59:59,183,Solana,SOL,2.59409546,2.40317166,2.53693313,2.40608988,8842883.98002147,102101819.79891624,-5.266788307808623,2.7466008476915,3.3570049610383315,2.1361967343446686,29.48282528329581,-0.1920800398703401,-0.1610254238061726,-0.0310546160641675,32.11492736529938,34.27819027625855,2.42657824,2.20184324,2.02865216,3.21988746
2020-10-11 23:59:59,184,Solana,SOL,2.45756612,2.34492143,2.40736736,2.42657824,7170646.66388414,102970675.76628862,0.8515209747692376,2.72880428895,3.355341691829787,2.1022668860702125,29.57184133549427,-0.188366142058955,-0.1664935674567291,-0.0218725746022259,33.85763077781981,36.48854585324992,2.58707246,2.21426738,2.247987,3.38538175
2020-10-12 23:59:59,185,Solana,SOL,2.69863904,2.41586194,2.42611451,2.58707246,12289968.79120837,109780567.40641768,6.614013813953923,2.7123819565,3.335521703263648,2.0892422097363528,39.39186767078282,-0.1705068126391067,-0.1672962164932046,-0.003210596145902,56.90342122882093,40.9586597906467,2.40491019,2.05807954,2.0021245,3.46611077
2020-10-13 23:59:59,186,Solana,SOL,2.58489141,2.34817094,2.58489141,2.40491019,11415736.61057108,104488549.19119288,-7.041251175469587,2.6907896125,3.3256016552890206,2.05597756971098,35.85365954965768,-0.1691028260835092,-0.1676575384112655,-0.0014452876722436,39.31695426617519,43.35933542427196,2.31463525,1.88867176,1.89913759,3.10808978
2020-10-14 23:59:59,187,Solana,SOL,2.4366138,2.24625651,2.40819629,2.31463525,9436238.75624435,100565804.44055878,-3.7537759362232137,2.6498856435,3.270058243527597,2.029713043472404,35.08885462623745,-0.1732771585988275,-0.1687814624487779,-0.0044956961500495,29.886871946176385,42.03574914705749,2.26643616,1.89037825,2.02079216,3.61339822
2020-10-15 23:59:59,188,Solana,SOL,2.33579578,2.20341796,2.31480004,2.26643616,8332482.58866874,98642537.6274252,-2.0823622210021986,2.6037768320000003,3.191583335198529,2.015970328801471,34.886383876986656,-0.1784179202151152,-0.1707087540020454,-0.0077091662130698,28.051854787183288,32.41856033317828,2.1493861,1.95565252,1.91701557,3.51378151
2020-10-16 23:59:59,189,Solana,SOL,2.2656708,2.12792144,2.26520031,2.1493861,13637728.05365193,93547686.544544,-5.164498434405496,2.5545110035,3.119684392717384,1.989337614282616,37.11057246210259,-0.1897496565217209,-0.1745169345059805,-0.0152327220157403,18.03580120332797,25.32484264556254,2.20184324,1.96003515,2.04323394,3.27816427
2020-10-17 23:59:59,190,Solana,SOL,2.23830479,2.13240858,2.14563569,2.20184324,6612611.78386479,95830287.75166796,2.4405638428572685,2.5069558265,3.0175321438130127,1.9963795091869876,40.52421598306603,-0.1922807930978742,-0.1780697062243593,-0.0142110868735149,25.86390213486756,23.9838527084596,2.21426738,1.91182801,2.25535545,3.25016139
2020-10-18 23:59:59,191,Solana,SOL,2.24884625,2.17832695,2.20274967,2.21426738,6294162.16574452,96370525.3833067,0.5642608780813907,2.469835287,2.949775302214707,1.989895271785293,41.637136576758905,-0.1910815437134028,-0.180672073722168,-0.0104094699912347,27.717938056528112,23.87254713157454,2.05807954,1.78745942,2.20218147,3.44705468
2020-10-19 23:59:59,192,Solana,SOL,2.21351195,2.05321062,2.21337207,2.05807954,8248860.30237032,89572373.35173108,-7.053702791755889,2.425417603,2.8835752588989894,1.9672599471010108,33.51494821409236,-0.2004238222445047,-0.1846224234266353,-0.0158013988178693,4.410259143816626,19.33069977840409,1.88867176,1.68546625,2.11502872,3.8181391
2020-10-20 23:59:59,193,Solana,SOL,2.09786117,1.85415368,2.05810177,1.88867176,13129043.07033953,82671092.68542057,-8.231352418964333,2.374957373,2.836309893897622,1.9136048521023776,40.45555641854323,-0.2189732500139491,-0.1914925887440981,-0.027480661269851,4.087469319776012,12.07188884004024,1.89037825,1.71023239,2.07676865,3.79551495
2020-10-21 23:59:59,194,Solana,SOL,2.06620621,1.86123476,1.88861172,1.89037825,19275509.45257168,82745351.05974524,0.0903539744778081,2.326424899,2.776562590075083,1.8762872079249169,35.58835132479908,-0.2308747255596515,-0.1993690161072088,-0.0315057094524426,4.289543870837488,4.262424111476698,1.95565252,1.49005343,2.09539164,3.64186566
2020-10-22 23:59:59,195,Solana,SOL,2.08243359,1.88981692,1.89037216,1.95565252,11445662.79336236,86579897.07269996,3.452974027816924,2.292903377,2.7488966997035456,1.8369100542964545,35.209185662718696,-0.232361128160305,-0.2059674385178281,-0.0263936896424769,12.019017120675702,6.798676770429725,1.96003515,1.42893639,2.38220531,3.72357809
2020-10-23 23:59:59,196,Solana,SOL,1.98477147,1.8533095,1.95706771,1.96003515,11497444.71334744,87263476.2003648,0.2241006495366626,2.2635399945,2.726142495153152,1.800937493846848,26.124758294684696,-0.2305280870279364,-0.2108795682198498,-0.0196485188080866,12.625330708305778,9.644630566606311,1.91182801,1.44133589,2.14484477,2.9905359
2020-10-24 23:59:59,197,Solana,SOL,1.96165021,1.88234354,1.96003515,1.91182801,7581827.29356544,85116777.84839806,-2.4595038512447043,2.2333316655,2.7053312716734585,1.7613320593265418,28.10513415341002,-0.2303104268014029,-0.2147657399361604,-0.0155446868652424,6.922567736128098,10.522305188369849,1.78745942,1.54069959,2.27637688,3.34622852
2020-10-25 23:59:59,198,Solana,SOL,1.92294152,1.76864379,1.91182801,1.78745942,9092333.67184322,80026191.61112621,-6.505218531660706,2.189822441,2.6575430864206293,1.7221017955793698,24.074290810148256,-0.2374364161190603,-0.2192998751727404,-0.0181365409463198,2.0231963550351435,7.190364933156331,1.68546625,1.5998403,2.26796698,3.50411155
2020-10-26 23:59:59,199,Solana,SOL,1.86298989,1.62936547,1.78745942,1.68546625,13396735.95349503,76302194.43703932,-5.706041147496377,2.165283238,2.6846492229851187,1.645917253014881,11.604223353031172,-0.2484498353722786,-0.225129867212648,-0.0233199681596305,5.871193826511917,4.938985972558376,1.71023239,1.47407225,2.27003407,3.63441116
2020-10-27 23:59:59,200,Solana,SOL,1.74540288,1.60528662,1.68546624,1.71023239,14384427.42623876,78274491.4004513,1.4693940029947283,2.136205067,2.6897439056554817,1.5826662283445183,15.836618653721658,-0.2522715989994748,-0.2305582135700134,-0.0217133854294613,12.623882933792691,6.839424371779908,1.49005343,1.41223396,1.90303693,3.69998081
2020-10-28 23:59:59,201,Solana,SOL,1.71902702,1.39457221,1.71023239,1.49005343,17089719.31755684,68228554.8641858,-12.874212960029377,2.0924467245,2.7049812412452634,1.4799122077547362,14.042414699191896,-0.2699551017957171,-0.2384375912151542,-0.0315175105805629,10.1443719689255,9.54648290974336,1.42893639,1.39225494,1.85794881,4.04734996
2020-10-29 23:59:59,202,Solana,SOL,1.56689179,1.41242636,1.49005346,1.42893639,8024137.80398694,65429707.3741233,-4.101667683151455,2.0369006005,2.6793554214697584,1.3944457795302418,13.88597152140504,-0.2856087199774373,-0.2478718169676108,-0.0377369030098264,3.944924305295922,8.90439306933803,1.44133589,1.40521805,1.88893452,3.69058715
2020-10-30 23:59:59,203,Solana,SOL,1.46731855,1.34221311,1.42893639,1.44133589,8528335.71424465,65997124.65947093,0.8677433150120706,1.988662901,2.658684585318975,1.318641216681025,16.43900893534044,-0.2936290166157944,-0.2570232568972476,-0.0366057597185468,10.933063841015104,8.340786705078832,1.54069959,1.91374,1.9151547,3.82207194
2020-10-31 23:59:59,204,Solana,SOL,1.54932692,1.4298941,1.44133589,1.54069959,6449388.39066769,70546511.16326353,6.893861499556508,1.9443689685,2.609607391555275,1.2791305454447248,19.99649584386552,-0.288640076185837,-0.2633466207549655,-0.0252934554308714,21.89270072347012,12.25689628992704,1.5998403,2.03196386,1.96689116,3.83467598
2020-11-01 23:59:59,205,Solana,SOL,1.63790251,1.5135429,1.54069959,1.5998403,6877556.68110791,73254104.4517357,3.8385620651719687,1.8950073605,2.503539004137415,1.286475716862585,23.250748310422125,-0.2767242391403053,-0.2660221444320335,-0.0107020947082718,29.568177779279495,20.797980781254896,1.47407225,2.15659813,1.97630826,4.22427558
2020-11-02 23:59:59,206,Solana,SOL,1.63017961,1.46769542,1.5998403,1.47407225,6366346.26428922,67496510.0918503,-7.861287779786519,1.8484654635,2.434772123768215,1.2621588032317848,23.88333861607768,-0.2742676957098708,-0.2676712546876009,-0.0065964410222699,17.44980857887732,22.970229027208973,1.41223396,2.02865216,2.11540134,4.26414404
2020-11-03 23:59:59,207,Solana,SOL,1.48050074,1.41218556,1.47407225,1.41223396,6536977.27806969,64772687.2743289,-4.195065065501369,1.803345399,2.377362797378601,1.2293280006213991,26.42574995298389,-0.2741504646380506,-0.2689670966776909,-0.0051833679603596,9.45945861968044,18.82581499261241,1.39225494,2.247987,2.10037052,4.61160184
2020-11-04 23:59:59,208,Solana,SOL,1.41289802,1.28186754,1.41223396,1.39225494,11406316.03373677,63882412.77078965,-1.4147103501179092,1.759636338,2.318100123205468,1.201172552794532,25.790515907715346,-0.2725281630901797,-0.2696793099601887,-0.002848853129991,13.788668655134703,13.565978617897478,1.40521805,2.0021245,1.85595318,5.2675076
2020-11-05 23:59:59,209,Solana,SOL,1.48617047,1.30382463,1.39225494,1.40521805,8924131.52401733,64476759.51742544,0.931087376856432,1.7224279354999996,2.27062242435291,1.1742334466470892,21.814971447292024,-0.2671173008166034,-0.2691669081314716,0.0020496073148681,17.54870114327004,13.598942806028385,1.91374,1.89913759,1.9787738,5.71598986
2020-11-06 23:59:59,210,Solana,SOL,1.94070665,1.4000105,1.40521805,1.91374,22547497.1265051,87809005.86384876,36.18811685488954,1.7080227735000002,2.216905509786764,1.1991400372132368,48.43661413979608,-0.2192680958921022,-0.2591871456835978,0.0399190497914955,92.95212836184837,41.42983272008436,2.03196386,2.02079216,1.85424895,6.42606479
2020-11-07 23:59:59,211,Solana,SOL,2.48136883,1.8448312,1.91374,2.03196386,51426099.67867579,93232781.91859987,6.177634370395135,1.6989075975,2.1750898456434653,1.2227253493565349,53.87379525852104,-0.1698496576647339,-0.241319648079825,0.0714699904150911,62.53401528230118,57.67828159580652,2.15659813,1.91701557,1.83117262,6.6817203
2020-11-08 23:59:59,212,Solana,SOL,2.26477908,1.97440202,2.03196386,2.15659813,25931043.04138239,98950578.49222584,6.133685369778186,1.703833527,2.197381610831484,1.2102854431685164,61.90088403366544,-0.1192535644932659,-0.2169064313625132,0.0976528668692472,72.92452265724532,76.13688876713161,2.02865216,2.04323394,1.66535169,6.11080668
2020-11-09 23:59:59,213,Solana,SOL,2.18931332,1.95875292,2.15659813,2.02865216,18210625.97270338,93091959.13931832,-5.932768290029067,1.710832547,2.219165917484045,1.2024991765159547,60.882073829442376,-0.0884602519003125,-0.1912171954700731,0.1027569435697605,62.25792554170575,65.90548782708407,2.247987,2.25535545,1.6623035,6.70046276
2020-11-10 23:59:59,214,Solana,SOL,2.30798752,2.01232067,2.02865214,2.247987,16170833.13282796,103163301.09022862,10.811850563873904,1.7287129845000002,2.286399449867994,1.1710265191320066,65.17872292719797,-0.0458295467987073,-0.1621396657357999,0.1163101189370926,80.54342817755537,71.90862545883546,2.0021245,2.20218147,1.57415052,7.8832496
2020-11-11 23:59:59,215,Solana,SOL,2.28414065,1.97416514,2.24798704,2.0021245,13877948.92652378,91879509.07207444,-10.937007197995374,1.7310365835,2.293074555929165,1.1689986110708346,64.24720713227939,-0.0315201106444729,-0.1360157547175345,0.1044956440730616,60.046368103530746,67.61590727426395,1.89913759,2.11502872,1.44458505,7.81679279
2020-11-12 23:59:59,216,Solana,SOL,2.05029785,1.83172821,2.0021245,1.89913759,11506047.76935046,87162760.83472751,-5.14388141197013,1.7279917054999998,2.2854471879680336,1.170536223031966,62.78441387402163,-0.0281652904023295,-0.1144456618544935,0.086280371452164,51.46055741215585,64.01678456441398,2.02079216,2.07676865,1.4909121,9.07221406
2020-11-13 23:59:59,217,Solana,SOL,2.06111583,1.89913758,1.89913758,2.02079216,11621743.54314562,92772231.89432384,6.4057796886638485,1.7334399129999998,2.3005074539394608,1.1663723720605388,64.87144519651358,-0.0155112599516205,-0.0946587814739189,0.0791475215222984,61.602653215987786,57.70319291055812,1.91701557,2.09539164,1.56545586,9.21535212
2020-11-14 23:59:59,218,Solana,SOL,2.03349056,1.8752786,2.02079216,1.91701557,8134592.54731619,88007184.07888201,-5.135441044070566,1.7399177205,2.3125164604741952,1.1673189805258049,59.63612811074192,-0.0136988414509044,-0.078466793469316,0.0647679520184115,52.95100849787331,55.33807304200565,2.04323394,2.38220531,1.5916455,9.24701198
2020-11-15 23:59:59,219,Solana,SOL,2.20905889,1.91684762,1.91701557,2.04323394,18621333.34008639,93803903.71451163,6.584107712802756,1.7578061050000002,2.3453997949480145,1.170212415051986,60.97667519611618,-0.0020540414124414,-0.0631842430579411,0.0611302016454996,63.47357909052352,59.34241360146154,2.25535545,2.14484477,1.76067126,8.73245491
2020-11-16 23:59:59,220,Solana,SOL,2.36021108,1.99485284,2.04323394,2.25535545,22156135.17364347,103541326.05497044,10.381655563141257,1.785062258,2.412580221012471,1.1575442949875288,68.54843990899867,0.0240141593175504,-0.0457445625828428,0.0697587219003932,81.15772097252184,65.86076952030622,2.20218147,2.27637688,1.78359783,8.73889575
2020-11-17 23:59:59,221,Solana,SOL,2.31818626,2.13258981,2.28108028,2.20218147,17074174.95712231,101100127.91945642,-2.3576762589684,1.82066866,2.458436342862759,1.1829009771372403,68.83161224402176,0.0399224987006774,-0.0286111503261387,0.0685336490268162,76.724713651621,73.78533790488878,2.11502872,2.26796698,1.67863414,8.8617388
2020-11-18 23:59:59,222,Solana,SOL,2.20592249,2.01269296,2.20218147,2.11502872,14629648.08989412,97099240.81477468,-3.957564405443848,1.8549732765,2.4776514854438534,1.232295067556147,66.69554197797274,0.0449789839871652,-0.0138931234634779,0.0588721074506432,68.88948117616307,75.59063860010197,2.07676865,2.27003407,1.69879993,8.29786719
2020-11-19 23:59:59,223,Solana,SOL,2.17502241,2.01816579,2.11502868,2.07676865,10155987.37439732,95341921.8742907,-1.8089621969767045,1.8867449145,2.4849206116370515,1.2885692173629488,65.33312868783048,0.0453759513884057,-0.0020393084931012,0.0474152598815069,62.58407885941009,69.39942456239804,2.09539164,1.90303693,1.66865052,8.22257719
2020-11-20 23:59:59,224,Solana,SOL,2.23039141,2.05697179,2.07676865,2.09539164,11113989.73661238,96196099.98011884,0.8967291566154945,1.914479517,2.496313135467928,1.3326458985320724,55.34279215579661,0.0466554555188547,0.0076996443092899,0.0389558112095647,40.58604432709269,57.35320145422195,2.38220531,1.85794881,1.56357617,8.98045215
2020-11-21 23:59:59,225,Solana,SOL,2.49882755,2.04852394,2.09539164,2.38220531,20288343.21897211,109362384.71981557,13.687831168401532,1.9535977675,2.551345124468254,1.3558504105317464,59.37196662975033,0.0700059528801024,0.0201609060234524,0.04984504685665,82.51800998633873,61.89604439094716,2.14484477,1.88893452,1.5419152,11.46565287
2020-11-22 23:59:59,226,Solana,SOL,2.40382123,2.05393793,2.38220531,2.14484477,16416064.59893532,98697801.14056186,-9.963899375238972,1.9871363935,2.545577446031489,1.4286953409685106,49.70339051530623,0.0685679695263212,0.0298423187240262,0.038725650802295,46.93702140373877,56.68035857239005,2.27637688,1.9151547,1.49028596,10.00266398
2020-11-23 23:59:59,227,Solana,SOL,2.3515985,2.12031471,2.14484476,2.27637688,15487339.47782299,104749492.89621204,6.132476897150929,2.0303435395,2.53236640439163,1.5283206746083702,56.24032166517186,0.0771525330009792,0.0393043615794168,0.0378481714215623,66.65404136061652,65.369690916898,2.26796698,1.96689116,1.20569231,11.08551283
2020-11-24 23:59:59,228,Solana,SOL,2.46638443,2.14379452,2.27724054,2.26796698,25036626.13313538,104362814.6368328,-0.3694423394424828,2.0741291415,2.48659089218972,1.6616673908102797,50.56315059249308,0.0823282242360985,0.0479091341107531,0.0344190901253453,65.39337454598592,59.66147910344706,2.27003407,1.97630826,1.3624084,14.45478487
2020-11-25 23:59:59,229,Solana,SOL,2.47758651,2.18277698,2.26948514,2.27003407,24870950.92877138,104457114.39952429,0.0911428613479925,2.1173699425,2.3932927616937105,1.841447123306289,58.75435042834498,0.0856099356683306,0.0554492944222686,0.0301606412460619,65.70323694219212,65.9168842829315,1.90303693,2.11540134,1.44540315,15.20153822
2020-11-26 23:59:59,230,Solana,SOL,2.29170177,1.74149279,2.26653371,1.90303693,33038222.89347182,87568856.71760666,-16.167032241943392,2.116834789,2.394456803598219,1.8392127744017808,50.10866748835423,0.0579293401731471,0.0559453035724443,0.0019840366007027,21.33061210606524,50.80907453141442,1.85794881,2.10037052,1.3242381,17.30270709
2020-11-27 23:59:59,231,Solana,SOL,1.97065316,1.78036344,1.90333468,1.85794881,13307808.36500391,85493469.70235132,-2.3692719405082774,2.1081340365,2.407046533061369,1.8092215399386309,45.25955285973933,0.0319853274042918,0.0511533083388138,-0.019167980934522,15.377086349502823,34.13697846592005,1.88893452,1.85595318,1.30304194,13.81601413
2020-11-28 23:59:59,232,Solana,SOL,1.93971542,1.81071037,1.85982503,1.88893452,11661882.95615155,86918647.19802547,1.66773755192966,2.094750856,2.408144404491605,1.7813573075083948,49.146370909432704,0.0137661110480173,0.0436758688806545,-0.0299097578326371,19.468501617435347,18.72540002433446,1.9151547,1.9787738,1.5156849,13.58794089
2020-11-29 23:59:59,233,Solana,SOL,1.94388507,1.85722661,1.8879127,1.9151547,6139511.34519798,88124520.17567424,1.3880936433942723,2.089075983,2.411489695679357,1.7666622703206425,45.85451959992692,0.0014265557711867,0.035226006258761,-0.0337994504875742,22.930666750328484,19.25875157242221,1.96689116,1.85424895,1.67434488,13.20116764
2020-11-30 23:59:59,234,Solana,SOL,2.01359128,1.91193024,1.91514202,1.96689116,8716571.16727617,90995987.14086118,2.701424589877788,2.0750211910000003,2.392740377231064,1.7573020047689365,39.58176918633353,-0.004130318998651,0.0273547412072786,-0.0314850602059296,29.76205264895013,24.05374033890465,1.97630826,1.83117262,1.53545722,13.08924694
2020-12-01 23:59:59,235,Solana,SOL,2.13034079,1.93226448,1.96832128,1.97630826,12847022.37823892,91432079.46291864,0.4787809407816867,2.073730379,2.392903002627268,1.7545577553727325,41.57606832728528,-0.0076857049978267,0.0203466519662575,-0.0280323569640842,31.00550541216409,27.89940827048089,2.11540134,1.66535169,1.51089796,14.95558764
2020-12-02 23:59:59,236,Solana,SOL,2.18743712,1.95669982,1.97726604,2.11540134,15849828.20530223,97869064.60978007,7.038025535550818,2.0845435665,2.393294310454425,1.7757928225455748,50.0133785324898,0.0007120668261562,0.0164197349382372,-0.015707668112081,49.37163454639266,36.71306420250229,2.10037052,1.6623035,1.84208404,13.95892139
2020-12-03 23:59:59,237,Solana,SOL,2.22130954,2.08502961,2.11711685,2.10037052,18106121.72298748,97172886.1917887,-0.7105422368693493,2.0885224845,2.39586181996739,1.7811831490326098,50.86177531907605,0.0060843631916562,0.014352660588921,-0.0082682973972647,47.38693494010493,42.58802496622055,1.85595318,1.57415052,1.79927479,14.11559058
2020-12-04 23:59:59,238,Solana,SOL,2.1120709,1.84734502,2.09860247,1.85595318,9019864.15038828,85864512.07327235,-11.636867765597849,2.085469365,2.401084186127198,1.7698545438728015,42.49488859884374,-0.0092735897207485,0.0096274105269871,-0.0189010002477357,15.11357936350367,37.290716283333744,1.9787738,1.44458505,2.16175192,13.09798332
2020-12-05 23:59:59,239,Solana,SOL,1.98072151,1.82549378,1.85596843,1.9787738,7750781.04480337,91545972.56905606,6.617657240685348,2.082246358,2.400978304355282,1.7635144116447177,35.90559613899674,-0.0114028356809434,0.005421361285401,-0.0168241969663445,32.23516293550229,31.57855907970362,1.85424895,1.4909121,2.48509738,12.61044281
2020-12-06 23:59:59,240,Solana,SOL,1.98389847,1.81585445,1.97865844,1.85424895,7167229.51269223,85784205.38624497,-6.293031068028087,2.0621910330000004,2.385504305827265,1.738877760172736,38.97872683151693,-0.0228747077502591,-0.0002378525217309,-0.0226368552285281,15.31817986437922,20.88897405446172,1.83117262,1.56545586,2.15721704,13.03645795
2020-12-07 23:59:59,241,Solana,SOL,1.89568762,1.80948486,1.8534511,1.83117262,6425070.48803734,84715589.08777982,-1.2445108840428265,2.0436405905,2.375593123628485,1.7116880573715143,31.601377169200436,-0.0334428081151045,-0.0068788436404057,-0.0265639644746988,12.183208138224588,19.91218364603536,1.66535169,1.5916455,1.92921661,13.87773227
2020-12-08 23:59:59,242,Solana,SOL,1.83158113,1.64510584,1.83122209,1.66535169,11304051.0777088,77043677.15978801,-9.055450490516836,2.021156739,2.391451090146417,1.6508623878535822,27.96324309553009,-0.0545694246617487,-0.0164169598446743,-0.0381524648170744,2.4319904028522377,9.977792801818673,1.6623035,1.76067126,2.37274497,13.60218776
2020-12-09 23:59:59,243,Solana,SOL,1.67427719,1.50367604,1.66462243,1.6623035,10461119.21820986,76902163.1339451,-0.1830358126937215,2.0004334815,2.402638967159543,1.5982279958404568,27.79212002611723,-0.0707429037833444,-0.0272821486324083,-0.0434607551509361,20.12973104317291,11.5816431947499,1.57415052,1.78359783,3.21988746,14.84631098
2020-12-10 23:59:59,244,Solana,SOL,1.66513513,1.54524047,1.66241416,1.57415052,6167983.16893835,72823506.21677381,-5.303061685185639,1.9743714255,2.4162619683747195,1.53248088262528,34.905611563655,-0.0896403926246705,-0.0397537974308607,-0.0498865951938097,9.820399967392843,10.79404047113932,1.44458505,1.67863414,3.38538175,14.23108356
2020-12-11 23:59:59,245,Solana,SOL,1.57670934,1.44060217,1.57236639,1.44458505,8273918.34951755,66829092.5972278,-8.230818359098224,1.9274904125,2.385841687847674,1.4691391371523257,32.39372103174583,-0.1137602815730067,-0.0545550942592899,-0.0592051873137167,0.5101629820658553,10.153431330877194,1.4909121,1.69879993,3.46611077,15.99227934
2020-12-12 23:59:59,246,Solana,SOL,1.53742939,1.44070645,1.44158958,1.4909121,7085230.83583667,68971785.3475111,3.206945136252104,1.894793779,2.3803502789456386,1.4092372790543617,33.265841856482155,-0.1276656118707286,-0.0691771977815777,-0.0584884140891509,6.444146927932812,5.591569959130495,1.56545586,1.66865052,3.10808978,14.552142
2020-12-13 23:59:59,247,Solana,SOL,1.64291571,1.45811848,1.4907147,1.56545586,8389349.11124252,72419789.50182986,4.999876250249757,1.859247728,2.33107991530169,1.3874155406983104,35.87160997711831,-0.1311587118832378,-0.0815735006019097,-0.049585211281328,15.99238008986644,7.648896666621693,1.5916455,1.56357617,3.61339822,15.30880274
2020-12-14 23:59:59,248,Solana,SOL,1.62286872,1.52369835,1.56796842,1.5916455,8672051.95648215,74028444.08998717,1.6729721143335263,1.825431654,2.27008661186607,1.3807766961339296,34.51992815084428,-0.130311582925708,-0.0913211170666694,-0.0389904658590385,19.34698400503124,13.927837007610156,1.76067126,1.5419152,3.51378151,14.50826599
2020-12-15 23:59:59,249,Solana,SOL,1.79941298,1.58926257,1.59103004,1.76067126,19470079.53119814,81994577.6015241,10.619560699917162,1.7999635135000005,2.1927164763266034,1.4072105506733972,42.13942798648407,-0.114679309207692,-0.0959927554948739,-0.0186865537128181,40.997318880184274,25.44556099169397,1.78359783,1.49028596,3.27816427,14.18666194
2020-12-16 23:59:59,250,Solana,SOL,1.78758439,1.61001834,1.76009215,1.78359783,18277631.04446976,83062058.57573813,1.3021493859109112,1.7939915585,2.1837664322736767,1.4042166847263235,36.7856887033832,-0.099296014423404,-0.09665340728058,-0.002642607142824,43.93395953210995,34.75942080577514,1.67863414,1.20569231,3.25016139,13.62277289
2020-12-17 23:59:59,251,Solana,SOL,1.80312043,1.65521696,1.78389234,1.67863414,15461476.78402026,78173905.05369893,-5.884941562190615,1.785025825,2.176850239088436,1.3932014109115638,34.3267658992749,-0.0944851688297492,-0.0962197595904138,0.0017345907606646,35.4494497457834,40.126909386025865,1.69879993,1.3624084,3.44705468,14.22020281
2020-12-18 23:59:59,252,Solana,SOL,1.70632716,1.63698718,1.67902372,1.69879993,7879396.90612472,79113024.8625208,1.2013213314010285,1.7755190955,2.165952213828329,1.3850859771716708,42.99143640365577,-0.0880305667397944,-0.0945819210202899,0.0065513542804954,47.524299355618666,42.302569544504,1.66865052,1.44540315,3.8181391,14.23002516
2020-12-19 23:59:59,253,Solana,SOL,1.76425374,1.66426344,1.69926697,1.66865052,9095045.00474692,77708968.04744972,-1.7747475419309766,1.7631938865,2.150618628071549,1.3757691449284504,34.92322877668396,-0.0843754261081799,-0.0925406220378679,0.008165195929688,41.974949949042525,41.64956635014818,1.56357617,1.3242381,3.79551495,14.20479642
2020-12-20 23:59:59,254,Solana,SOL,1.68443034,1.52771357,1.67071446,1.56357617,9093229.49751807,72815661.41874595,-6.296965646227704,1.743028137,2.127786892247977,1.3582693817520233,35.59642413775006,-0.0889321680508388,-0.0918189312404621,0.0028867631896233,27.022177922849423,38.84047574250352,1.5419152,1.30304194,3.64186566,14.21198148
2020-12-21 23:59:59,255,Solana,SOL,1.61832646,1.49515066,1.56377465,1.5419152,8333991.44150289,71806910.82416688,-1.3853479232802557,1.721308484,2.099609006385919,1.343007961614081,35.6464251568576,-0.0932167336406617,-0.092098491720502,-0.0011182419201596,25.912655248763265,31.636594373551727,1.49028596,1.5156849,3.72357809,14.33220593
2020-12-22 23:59:59,256,Solana,SOL,1.57408037,1.47448471,1.53960926,1.49028596,11066564.74357854,69402539.96365425,-3.348383879995476,1.6900527150000002,2.0328899083416783,1.347215521658322,40.202526940014415,-0.0996298599159852,-0.0936047653595987,-0.0060250945563865,13.70518274031217,22.213338637308272,1.20569231,1.67434488,2.9905359,14.91929305
2020-12-23 23:59:59,257,Solana,SOL,1.51058483,1.09016138,1.49022047,1.20569231,16776307.03794223,56149028.28607881,-19.096579961070013,1.6453188045,1.9961146564429184,1.2945229525570814,30.56921287401849,-0.1262216333805155,-0.100128138963782,-0.0260934944167334,16.20442716871327,18.60742171926289,1.3624084,1.53545722,3.34622852,14.20483076
2020-12-24 23:59:59,258,Solana,SOL,1.38366788,1.17300697,1.20770464,1.3624084,9236938.50803516,63447288.3597502,12.998016882101538,1.6206415655000002,1.9784172525341253,1.2628658784658748,41.486257878610616,-0.1331156523241727,-0.1067256416358602,-0.0263900106883125,38.185505885646585,22.69837193155733,1.44540315,1.51089796,3.50411155,13.66129764
2020-12-25 23:59:59,259,Solana,SOL,1.45292425,1.34723574,1.36149641,1.44540315,9359548.53228497,67312349.7325568,6.091767343771504,1.593973033,1.9171943008549717,1.2707517651450284,50.03417405376511,-0.1303792979088143,-0.111456372890451,-0.0189229250183632,49.82639185237916,34.73877496891299,1.3242381,1.84208404,3.63441116,13.02508469
2020-12-26 23:59:59,260,Solana,SOL,1.44751724,1.31342435,1.44601353,1.3242381,6798656.31848622,61669699.53591306,-8.382785799242232,1.5674724905,1.887738744543288,1.247206236456712,43.447312165874806,-0.1364152145587891,-0.1164481412241186,-0.0199670733346704,32.831720138765334,40.28120595893035,1.30304194,1.79927479,3.69998081,14.77942113
2020-12-27 23:59:59,261,Solana,SOL,1.40874461,1.26825036,1.32507424,1.30304194,12286531.39847335,60682595.60513945,-1.6006305814641686,1.5410659565,1.8568438284644624,1.2252880845355374,39.231659945456,-0.1412804815118029,-0.1214146092816555,-0.0198658722301474,29.85873592599742,37.50561597238063,1.5156849,2.16175192,4.04734996,16.50832188
2020-12-28 23:59:59,262,Solana,SOL,1.51703752,1.29434876,1.30399327,1.5156849,12668149.81727901,70585367.3110688,16.31896514397686,1.533582617,1.8440073355906497,1.2231578984093503,47.29659193048033,-0.1265192952042007,-0.1224355464661645,-0.0040837487380361,59.68414595480622,40.79153400652298,1.67434488,2.48509738,3.69058715,18.01623371
2020-12-29 23:59:59,263,Solana,SOL,1.72758155,1.43971994,1.51546171,1.67434488,26355258.83179235,77974154.25075531,10.467873632573642,1.534184686,1.8457053543369972,1.2226640176630024,46.90484091706716,-0.100855811285661,-0.1181195994300638,0.0172637881444028,81.93787567462674,57.16025251847677,1.53545722,2.15721704,3.82207194,18.85480803
2020-12-30 23:59:59,264,Solana,SOL,1.68079114,1.52983347,1.66969419,1.53545722,12663615.73809283,71506163.4013444,-8.2950449252725,1.532250021,1.8432057109175888,1.2212943310824111,41.78614197056306,-0.0906790966339772,-0.1126314988708465,0.0219524022368693,62.45742164294008,68.026481090791,1.51089796,1.92921661,3.83467598,19.2339251
2020-12-31 23:59:59,265,Solana,SOL,1.5506101,1.430263,1.53560627,1.51089796,12763259.56854011,70362439.69813043,-1.5994753666924044,1.5355656665,1.843989414119534,1.2271419188804662,44.13548951408358,-0.0836316503782819,-0.1068315291723336,0.0231998787940517,62.4152719962588,68.93685643794187,1.84208404,2.37274497,4.22427558,19.46522941
2021-01-01 23:59:59,266,Solana,SOL,1.8596563,1.50203819,1.50977505,1.84208404,25722549.3360078,85785758.3765321,21.91981780159396,1.5531242635,1.8895570124454515,1.2166915145545485,54.11472130790901,-0.0507376772676573,-0.0956127587913983,0.044875081523741,97.71639038240824,74.1963613405357,1.79927479,3.21988746,4.26414404,19.08490113
2021-01-02 23:59:59,267,Solana,SOL,1.98929513,1.72148226,1.84558571,1.79927479,31671063.53777906,83792133.53884292,-2.323957488931949,1.56481521,1.9188424682419216,1.210787951758078,53.72408765329678,-0.0278028216708126,-0.0820507713672812,0.0542479496964686,78.86628769079127,79.6659833564861,2.16175192,3.38538175,4.61160184,19.81022269
2021-01-03 23:59:59,268,Solana,SOL,2.36498131,1.79990169,1.79990169,2.16175192,55073422.17629275,100672674.81180388,20.14573493801912,1.593320531,2.0369194911275765,1.1497215708724238,64.87127647558118,0.0193984780893454,-0.0617609214759558,0.0811593995653013,84.05818851608319,86.88028886309422,2.48509738,3.46611077,5.2675076,22.55227712
2021-01-04 23:59:59,269,Solana,SOL,2.48509738,1.87634191,2.16241208,2.48509738,59955404.84149402,115730856.18599205,14.957565528610717,1.629541837,2.2234982769274083,1.035585397072592,70.38993001711749,0.0819524279516989,-0.0330182515904249,0.1149706795421239,100.0,87.64149206895814,2.15721704,3.10808978,5.71598986,24.06132316
2021-01-05 23:59:59,270,Solana,SOL,2.5026164,2.07774168,2.49098205,2.15721704,50555207.03513643,100461485.67073816,-13.193862849752804,1.6482227975,2.2845698568450548,1.0118757381549457,62.8795241608961,0.1038723053885664,-0.0056401401946266,0.109512445583193,75.54616925075604,86.53478592227974,1.92921661,3.61339822,6.42606479,22.98428282
2021-01-06 23:59:59,271,Solana,SOL,2.18589242,1.90758532,2.15962593,1.92921661,50263975.12932488,89843517.7485024,-10.569192889371935,1.660751921,2.3093693329899043,1.0121345090100955,64.28466761533943,0.1016742000711428,0.0158227278585272,0.0858514722126155,56.87456954934503,77.47357960003367,2.37274497,3.51378151,6.6817203,24.95714641
2021-01-07 23:59:59,272,Solana,SOL,2.61183107,1.93304323,1.93658582,2.37274497,159870278.0790676,621424746.010265,22.99007574893313,1.694449173,2.4171812634058885,0.9717170825941116,67.91800785126873,0.1341745371578206,0.0394930897183859,0.0946814474394347,82.20530421280013,71.54201433763372,3.21988746,3.27816427,6.11080668,26.47807994
2021-01-08 23:59:59,273,Solana,SOL,3.77931969,2.18092864,2.36873958,3.21988746,206412154.2447589,843292264.8894571,35.70305703777343,1.77201102,2.7653681719305063,0.778653868069494,74.75922857023636,0.2256870279561256,0.0767318773659338,0.1489551505901917,77.72135467084057,72.26707614432856,3.38538175,3.25016139,6.70046276,27.03398715
2021-01-09 23:59:59,274,Solana,SOL,3.66278779,2.93830706,3.22354051,3.38538175,91906875.463772,886634795.6661285,5.139753859596086,1.863101299,3.08403052198377,0.6421720760162306,78.40754801412758,0.3080147401433324,0.1229884499214135,0.1850262902219188,84.31194490356823,81.41286792906963,3.46611077,3.44705468,7.8832496,27.77827443
2021-01-10 23:59:59,275,Solana,SOL,3.73355136,3.19623456,3.39002648,3.46611077,62766977.35528041,907777180.2929409,2.3846356470728747,1.9593110775,3.363217373678765,0.5554047813212348,79.33099795868988,0.3754462912855216,0.1734800181942352,0.2019662730912864,87.39587187042062,83.14305714827647,3.10808978,3.8181391,7.81679279,26.84140371
2021-01-11 23:59:59,276,Solana,SOL,3.5135707,2.59712418,3.46106454,3.10808978,82877500.0255444,814011024.9712354,-10.329184892149302,2.0402012685,3.5149622451446305,0.5654402918553696,70.77381823545015,0.3954386094591964,0.2178717364472274,0.1775668730119689,71.42555508100573,81.04445728499819,3.61339822,3.79551495,9.07221406,27.9318899
2021-01-12 23:59:59,277,Solana,SOL,3.84441586,3.08003501,3.10368771,3.61339822,73484689.24275579,946351027.8924448,16.257845679091055,2.160586564,3.738030249911205,0.5831428780887946,73.19791871940866,0.4469051888891791,0.2636784269356178,0.1832267619535612,90.43069542829198,83.08404079323942,3.51378151,3.64186566,9.21535212,28.51212449
2021-01-13 23:59:59,278,Solana,SOL,3.62882465,3.2749211,3.62838265,3.51378151,57994892.73472413,920261107.1923414,-2.756870511769949,2.2681552195,3.908578055428677,0.6277323835713231,73.89223842695037,0.4741884387686328,0.3057804293022208,0.168408009466412,86.3043324439696,82.72019431775577,3.27816427,3.72357809,9.24701198,27.43555345
2021-01-14 23:59:59,279,Solana,SOL,3.54286624,3.18197394,3.51603553,3.27816427,59283112.21846475,858551672.4562432,-6.705517668911631,2.3597932755,4.0114231104842855,0.708163440515714,70.30800799354428,0.471364670226682,0.338897277487113,0.1324673927395689,75.82577748873435,84.18693512033197,3.25016139,2.9905359,8.73245491,26.47511075
2021-01-15 23:59:59,280,Solana,SOL,3.4359218,2.9851908,3.28039932,3.25016139,45331738.74819012,851217713.3260541,-0.8542244284786782,2.4560894400000004,4.077807639478162,0.8343712405218391,67.39237563546712,0.4615467908251349,0.3634271801547175,0.0981196106704174,72.00786355258593,78.0459911617633,3.44705468,3.34622852,8.73889575,27.81831384
2021-01-16 23:59:59,281,Solana,SOL,3.70323219,3.24893408,3.24893408,3.44705468,68035606.39281899,902784093.585214,6.057954248235031,2.563290077,4.147090380143753,0.9794897738562464,69.60682425952868,0.4643015148173677,0.3836020470872475,0.0806994677301201,80.56451817108218,76.13271973746748,3.8181391,3.50411155,8.8617388,25.39736605
2021-01-17 23:59:59,282,Solana,SOL,3.96537224,3.31974552,3.43486962,3.8181391,85407766.18917261,999971153.1283689,10.76526061953853,2.678412787,4.276247891305931,1.0805776826940692,69.6689529060445,0.4907707649558146,0.4050357906609609,0.0857349742948536,92.95208222276024,81.84148798214278,3.79551495,3.63441116,8.29786719,25.09987446
2021-01-18 23:59:59,283,Solana,SOL,4.14791988,3.65576095,3.82213112,3.79551495,70601712.76708774,994045884.346998,-0.5925438913422454,2.7844712905,4.383280887474368,1.185661693525632,66.7575020050484,0.5041111767172093,0.4248508678722106,0.0792603088449986,84.26998644345333,85.92886227909857,3.64186566,3.69998081,8.22257719,32.30291905
2021-01-19 23:59:59,284,Solana,SOL,4.03144938,3.60902285,3.79204335,3.64186566,44547767.96672326,953805116.1144048,-4.048180339798158,2.8897917125,4.418131281807715,1.3614521431922857,69.8710261925973,0.4965612861403281,0.4391929515258342,0.0573683346144939,77.41166747880729,84.87791204834029,3.72357809,4.04734996,8.98045215,31.67589453
2021-01-20 23:59:59,285,Solana,SOL,3.73700272,3.34408399,3.63557521,3.72357809,46698656.44529995,975205611.5935848,2.2436969846932886,3.000425719,4.425332571764823,1.5755188662351765,74.99511732244505,0.4915056821141066,0.4496554976434887,0.0418501844706178,80.84129019103617,80.84098137109892,2.9905359,3.69058715,11.46565287,31.77005352
2021-01-21 23:59:59,286,Solana,SOL,3.73432626,2.98269599,3.72166979,2.9905359,43834764.53989141,783221762.9250783,-19.6864997129683,3.057848312,4.374670890465314,1.7410257335346864,57.9634033474571,0.423467234377163,0.4444178449902236,-0.0209506106130605,41.15967796582561,66.47087854522302,3.34622852,3.82207194,10.00266398,32.5130438
2021-01-22 23:59:59,287,Solana,SOL,3.49714626,2.5409861,2.98991993,3.34622852,63361382.17557853,876377707.1253955,11.893942487030507,3.1351959984999995,4.315392737847413,1.954999259152586,51.86481932174897,0.3937092608581656,0.434276128163812,-0.0405668673056464,50.1104917963701,57.37048665107728,3.50411155,3.83467598,11.08551283,38.87975927
2021-01-23 23:59:59,288,Solana,SOL,3.59730162,3.31576248,3.34103533,3.50411155,27904470.4262182,917727296.3438644,4.71823813156671,3.20231398,4.299152928337104,2.105475031662895,51.75642206119532,0.3785025516810796,0.4231214128672655,-0.0446188611861859,59.9356029468744,50.4019242363567,3.63441116,4.22427558,14.45478487,36.97842065
2021-01-24 23:59:59,289,Solana,SOL,3.79304897,3.48949442,3.50710975,3.63441116,32747555.29721828,951852779.9072752,3.7184777978885855,3.2597796689999994,4.318157443232803,2.2014018947671965,52.45375385256322,0.3726693147852882,0.4130309932508701,-0.0403616784655819,68.04418910155714,59.3634279482672,3.69998081,4.26414404,15.20153822,40.73731561
2021-01-25 23:59:59,290,Solana,SOL,3.97435677,3.45130995,3.63464538,3.69998081,80055958.4917865,969025482.0935647,1.80413407051061,3.3369178575,4.274990167345708,2.3988455476542923,59.43404198529488,0.3690827985303482,0.4042413543067658,-0.0351585557764175,72.12460926672412,66.70146710505188,4.04734996,4.61160184,17.30270709,47.3676269
2021-01-26 23:59:59,291,Solana,SOL,4.09691637,3.68263202,3.69895927,4.04734996,78823455.81544667,1060001508.1579952,9.38840409823638,3.442824525,4.165199249670309,2.7204498003296917,57.28337506679044,0.3897771376635965,0.4013485109781319,-0.0115713733145353,93.74150190557324,77.9701000912848,3.69058715,5.2675076,13.81601413,43.97651543
2021-01-27 23:59:59,292,Solana,SOL,4.04863024,3.53160203,4.04863024,3.69058715,35195110.46414343,966565279.876813,-8.814726018898556,3.508716634,4.033502418316938,2.9839308496830625,52.73168359821805,0.3730890351877818,0.395696615820062,-0.0226075806322801,71.54003881852555,79.1353833302743,3.82207194,5.71598986,13.58794089,43.2390029
2021-01-28 23:59:59,293,Solana,SOL,3.9434911,3.60988056,3.68637,3.82207194,31410526.72,1001001163.69,3.5627065465721364,3.5388258580000005,4.062936837789912,3.014714878210089,58.68287771611359,0.3662513992857867,0.3898075725132069,-0.0235561732274202,79.72237910139644,81.66797327516507,3.83467598,6.42606479,13.20116764,44.82598502
